Rating,Subject,Word,Naive,Language
6,Jer,horse,naive,English
2,Jer,gherkin,naive,English
3,Jer,hedgehog,naive,English
2,Jer,bee,naive,English
1,Jer,peanut,naive,English
2,Jer,pear,naive,English
3,Jer,pineapple,naive,English
3,Jer,frog,naive,English
1,Jer,blackberry,naive,English
2,Jer,pigeon,naive,English
3,Jer,tortoise,naive,English
3,Jer,tomato,naive,English
5,Jer,pig,naive,English
6,Jer,donkey,naive,English
3,Jer,magpie,naive,English
3,Jer,melon,naive,English
2,Jer,paprika,naive,English
3,Jer,squirrel,naive,English
2,Jer,beetroot,naive,English
3,Jer,snake,naive,English
4,Jer,goat,naive,English
2,Jer,cucumber,naive,English
1,Jer,strawberry,naive,English
4,Jer,fox,naive,English
1,Jer,walnut,naive,English
3,Jer,broccoli,naive,English
3,Jer,bat,naive,English
4,Jer,dog,naive,English
2,Jer,butterfly,naive,English
2,Jer,spider,naive,English
3,Jer,apricot,naive,English
3,Jer,owl,naive,English
2,Jer,mushroom,naive,English
3,Jer,gull,naive,English
4,Jer,dolphin,naive,English
2,Jer,clove,naive,English
6,Jer,reindeer,naive,English
6,Jer,shark,naive,English
2,Jer,olive,naive,English
2,Jer,almond,naive,English
7,Jer,whale,naive,English
6,Jer,moose,naive,English
6,Jer,camel,naive,English
2,Jer,wasp,naive,English
3,Jer,lettuce,naive,English
3,Jer,potato,naive,English
4,Jer,sheep,naive,English
3,Jer,cat,naive,English
1,Jer,cherry,naive,English
2,Jer,eggplant,naive,English
2,Jer,asparagus,naive,English
3,Jer,vulture,naive,English
3,Jer,bunny,naive,English
2,Jer,mouse,naive,English
2,Jer,leek,naive,English
4,Jer,badger,naive,English
1,Jer,ant,naive,English
2,Jer,grape,naive,English
4,Jer,eagle,naive,English
6,Jer,lion,naive,English
1,Jer,mustard,naive,English
2,Jer,woodpecker,naive,English
3,Jer,kiwi,naive,English
3,Jer,carrot,naive,English
3,Jer,radish,naive,English
4,Jer,beaver,naive,English
2,Jer,lemon,naive,English
4,Jer,squid,naive,English
3,Jer,mole,naive,English
1,Jer,blueberry,naive,English
3,Jer,chicken,naive,English
7,Jer,elephant,naive,English
2,Jer,banana,naive,English
4,Jer,stork,naive,English
3,Jer,orange,naive,English
6,Jer,crocodile,naive,English
2,Jer,swan,naive,English
3,Jer,monkey,naive,English
2,Jer,avocado,naive,English
3,Jer,goose,naive,English
2,Jer,apple,naive,English
2,YH,spider,naive,notEnglish
5,YH,melon,naive,notEnglish
4,YH,banana,naive,notEnglish
3,YH,badger,naive,notEnglish
2,YH,butterfly,naive,notEnglish
4,YH,pigeon,naive,notEnglish
2,YH,grape,naive,notEnglish
4,YH,broccoli,naive,notEnglish
4,YH,woodpecker,naive,notEnglish
3,YH,squid,naive,notEnglish
5,YH,swan,naive,notEnglish
2,YH,mushroom,naive,notEnglish
3,YH,asparagus,naive,notEnglish
5,YH,goose,naive,notEnglish
4,YH,vulture,naive,notEnglish
3,YH,bunny,naive,notEnglish
7,YH,lion,naive,notEnglish
4,YH,leek,naive,notEnglish
4,YH,mole,naive,notEnglish
2,YH,beetroot,naive,notEnglish
2,YH,frog,naive,notEnglish
2,YH,moose,naive,notEnglish
3,YH,stork,naive,notEnglish
2,YH,hedgehog,naive,notEnglish
7,YH,shark,naive,notEnglish
2,YH,pear,naive,notEnglish
3,YH,radish,naive,notEnglish
7,YH,horse,naive,notEnglish
4,YH,owl,naive,notEnglish
2,YH,apricot,naive,notEnglish
3,YH,snake,naive,notEnglish
2,YH,bee,naive,notEnglish
2,YH,blueberry,naive,notEnglish
7,YH,camel,naive,notEnglish
3,YH,cucumber,naive,notEnglish
2,YH,chicken,naive,notEnglish
6,YH,crocodile,naive,notEnglish
3,YH,potato,naive,notEnglish
2,YH,peanut,naive,notEnglish
7,YH,whale,naive,notEnglish
4,YH,monkey,naive,notEnglish
3,YH,beaver,naive,notEnglish
3,YH,orange,naive,notEnglish
2,YH,bat,naive,notEnglish
1,YH,ant,naive,notEnglish
7,YH,dolphin,naive,notEnglish
7,YH,elephant,naive,notEnglish
6,YH,pig,naive,notEnglish
4,YH,magpie,naive,notEnglish
2,YH,mustard,naive,notEnglish
7,YH,reindeer,naive,notEnglish
2,YH,wasp,naive,notEnglish
2,YH,mouse,naive,notEnglish
2,YH,olive,naive,notEnglish
6,YH,sheep,naive,notEnglish
4,YH,paprika,naive,notEnglish
3,YH,avocado,naive,notEnglish
6,YH,donkey,naive,notEnglish
3,YH,eggplant,naive,notEnglish
3,YH,carrot,naive,notEnglish
3,YH,cat,naive,notEnglish
5,YH,dog,naive,notEnglish
2,YH,almond,naive,notEnglish
3,YH,apple,naive,notEnglish
4,YH,lettuce,naive,notEnglish
2,YH,strawberry,naive,notEnglish
2,YH,lemon,naive,notEnglish
1,YH,walnut,naive,notEnglish
2,YH,blackberry,naive,notEnglish
4,YH,gull,naive,notEnglish
3,YH,clove,naive,notEnglish
4,YH,gherkin,naive,notEnglish
6,YH,fox,naive,notEnglish
5,YH,pineapple,naive,notEnglish
1,YH,cherry,naive,notEnglish
3,YH,tomato,naive,notEnglish
6,YH,goat,naive,notEnglish
5,YH,eagle,naive,notEnglish
4,YH,tortoise,naive,notEnglish
3,YH,kiwi,naive,notEnglish
3,YH,squirrel,naive,notEnglish
2,MtG,squid,naive,English
3,MtG,pear,naive,English
2,MtG,asparagus,naive,English
2,MtG,leek,naive,English
5,MtG,donkey,naive,English
4,MtG,pigeon,naive,English
3,MtG,eagle,naive,English
3,MtG,squirrel,naive,English
3,MtG,woodpecker,naive,English
2,MtG,bunny,naive,English
4,MtG,fox,naive,English
5,MtG,sheep,naive,English
7,MtG,shark,naive,English
2,MtG,badger,naive,English
7,MtG,moose,naive,English
2,MtG,radish,naive,English
1,MtG,cherry,naive,English
3,MtG,tortoise,naive,English
2,MtG,mouse,naive,English
4,MtG,pineapple,naive,English
7,MtG,whale,naive,English
1,MtG,ant,naive,English
2,MtG,wasp,naive,English
3,MtG,goose,naive,English
2,MtG,orange,naive,English
2,MtG,paprika,naive,English
1,MtG,blueberry,naive,English
2,MtG,eggplant,naive,English
3,MtG,chicken,naive,English
3,MtG,gull,naive,English
1,MtG,butterfly,naive,English
4,MtG,goat,naive,English
2,MtG,lemon,naive,English
1,MtG,walnut,naive,English
3,MtG,snake,naive,English
5,MtG,pig,naive,English
6,MtG,crocodile,naive,English
3,MtG,melon,naive,English
3,MtG,owl,naive,English
3,MtG,lettuce,naive,English
7,MtG,horse,naive,English
2,MtG,frog,naive,English
2,MtG,carrot,naive,English
1,MtG,hedgehog,naive,English
7,MtG,camel,naive,English
3,MtG,kiwi,naive,English
3,MtG,gherkin,naive,English
1,MtG,olive,naive,English
2,MtG,beetroot,naive,English
1,MtG,almond,naive,English
1,MtG,grape,naive,English
3,MtG,broccoli,naive,English
1,MtG,peanut,naive,English
1,MtG,bee,naive,English
4,MtG,swan,naive,English
2,MtG,strawberry,naive,English
2,MtG,potato,naive,English
2,MtG,cucumber,naive,English
6,MtG,dolphin,naive,English
4,MtG,cat,naive,English
2,MtG,apricot,naive,English
1,MtG,spider,naive,English
3,MtG,dog,naive,English
1,MtG,mustard,naive,English
1,MtG,mole,naive,English
2,MtG,apple,naive,English
1,MtG,blackberry,naive,English
4,MtG,beaver,naive,English
2,MtG,tomato,naive,English
5,MtG,vulture,naive,English
6,MtG,reindeer,naive,English
1,MtG,clove,naive,English
2,MtG,banana,naive,English
3,MtG,magpie,naive,English
1,MtG,bat,naive,English
7,MtG,elephant,naive,English
3,MtG,avocado,naive,English
4,MtG,monkey,naive,English
6,MtG,lion,naive,English
5,MtG,stork,naive,English
1,MtG,mushroom,naive,English
2,Sa1,frog,naive,English
2,Sa1,beetroot,naive,English
3,Sa1,leek,naive,English
4,Sa1,owl,naive,English
1,Sa1,peanut,naive,English
2,Sa1,walnut,naive,English
3,Sa1,apple,naive,English
2,Sa1,spider,naive,English
4,Sa1,swan,naive,English
3,Sa1,butterfly,naive,English
5,Sa1,goat,naive,English
4,Sa1,fox,naive,English
2,Sa1,melon,naive,English
6,Sa1,donkey,naive,English
2,Sa1,asparagus,naive,English
3,Sa1,pigeon,naive,English
3,Sa1,bunny,naive,English
2,Sa1,clove,naive,English
1,Sa1,paprika,naive,English
2,Sa1,olive,naive,English
6,Sa1,horse,naive,English
2,Sa1,pineapple,naive,English
7,Sa1,moose,naive,English
2,Sa1,banana,naive,English
2,Sa1,lemon,naive,English
7,Sa1,lion,naive,English
4,Sa1,pig,naive,English
2,Sa1,grape,naive,English
3,Sa1,pear,naive,English
3,Sa1,mustard,naive,English
1,Sa1,ant,naive,English
2,Sa1,wasp,naive,English
5,Sa1,sheep,naive,English
3,Sa1,woodpecker,naive,English
2,Sa1,orange,naive,English
4,Sa1,vulture,naive,English
2,Sa1,strawberry,naive,English
5,Sa1,dog,naive,English
4,Sa1,chicken,naive,English
2,Sa1,mushroom,naive,English
4,Sa1,monkey,naive,English
2,Sa1,tomato,naive,English
3,Sa1,mole,naive,English
3,Sa1,badger,naive,English
2,Sa1,potato,naive,English
3,Sa1,snake,naive,English
6,Sa1,camel,naive,English
2,Sa1,radish,naive,English
3,Sa1,magpie,naive,English
2,Sa1,mouse,naive,English
3,Sa1,gull,naive,English
5,Sa1,crocodile,naive,English
1,Sa1,bee,naive,English
1,Sa1,almond,naive,English
3,Sa1,broccoli,naive,English
2,Sa1,carrot,naive,English
2,Sa1,gherkin,naive,English
5,Sa1,shark,naive,English
2,Sa1,avocado,naive,English
1,Sa1,blueberry,naive,English
4,Sa1,dolphin,naive,English
3,Sa1,cat,naive,English
3,Sa1,beaver,naive,English
7,Sa1,elephant,naive,English
2,Sa1,apricot,naive,English
3,Sa1,tortoise,naive,English
3,Sa1,goose,naive,English
3,Sa1,squid,naive,English
2,Sa1,lettuce,naive,English
2,Sa1,squirrel,naive,English
1,Sa1,cherry,naive,English
7,Sa1,whale,naive,English
4,Sa1,eagle,naive,English
2,Sa1,eggplant,naive,English
2,Sa1,hedgehog,naive,English
3,Sa1,kiwi,naive,English
2,Sa1,bat,naive,English
1,Sa1,blackberry,naive,English
4,Sa1,stork,naive,English
5,Sa1,reindeer,naive,English
2,Sa1,cucumber,naive,English
6,Me,donkey,naive,English
1,Me,wasp,naive,English
3,Me,cat,naive,English
1,Me,peanut,naive,English
3,Me,bat,naive,English
3,Me,swan,naive,English
4,Me,pig,naive,English
1,Me,blackberry,naive,English
6,Me,lion,naive,English
2,Me,tomato,naive,English
6,Me,camel,naive,English
7,Me,elephant,naive,English
2,Me,carrot,naive,English
2,Me,woodpecker,naive,English
1,Me,blueberry,naive,English
2,Me,radish,naive,English
2,Me,potato,naive,English
1,Me,bee,naive,English
6,Me,crocodile,naive,English
2,Me,broccoli,naive,English
1,Me,cherry,naive,English
1,Me,grape,naive,English
6,Me,horse,naive,English
3,Me,goose,naive,English
2,Me,mole,naive,English
2,Me,leek,naive,English
3,Me,gull,naive,English
2,Me,gherkin,naive,English
2,Me,orange,naive,English
5,Me,reindeer,naive,English
2,Me,mouse,naive,English
1,Me,butterfly,naive,English
4,Me,monkey,naive,English
3,Me,pineapple,naive,English
2,Me,mustard,naive,English
4,Me,snake,naive,English
5,Me,stork,naive,English
2,Me,beetroot,naive,English
6,Me,shark,naive,English
4,Me,magpie,naive,English
2,Me,cucumber,naive,English
3,Me,owl,naive,English
2,Me,apricot,naive,English
4,Me,beaver,naive,English
2,Me,lemon,naive,English
1,Me,walnut,naive,English
5,Me,goat,naive,English
5,Me,fox,naive,English
6,Me,moose,naive,English
5,Me,dolphin,naive,English
1,Me,ant,naive,English
4,Me,hedgehog,naive,English
5,Me,eagle,naive,English
5,Me,sheep,naive,English
3,Me,frog,naive,English
7,Me,whale,naive,English
6,Me,vulture,naive,English
2,Me,avocado,naive,English
1,Me,olive,naive,English
4,Me,squid,naive,English
4,Me,chicken,naive,English
3,Me,mushroom,naive,English
2,Me,strawberry,naive,English
4,Me,lettuce,naive,English
4,Me,badger,naive,English
3,Me,pear,naive,English
1,Me,paprika,naive,English
1,Me,clove,naive,English
3,Me,eggplant,naive,English
2,Me,apple,naive,English
4,Me,squirrel,naive,English
2,Me,spider,naive,English
4,Me,dog,naive,English
2,Me,melon,naive,English
1,Me,almond,naive,English
3,Me,asparagus,naive,English
4,Me,kiwi,naive,English
3,Me,banana,naive,English
4,Me,bunny,naive,English
4,Me,tortoise,naive,English
4,Me,pigeon,naive,English
3,Ni,goose,naive,notEnglish
2,Ni,magpie,naive,notEnglish
1,Ni,lemon,naive,notEnglish
2,Ni,snake,naive,notEnglish
1,Ni,olive,naive,notEnglish
3,Ni,tortoise,naive,notEnglish
1,Ni,gherkin,naive,notEnglish
3,Ni,dolphin,naive,notEnglish
1,Ni,chicken,naive,notEnglish
4,Ni,sheep,naive,notEnglish
2,Ni,eggplant,naive,notEnglish
1,Ni,ant,naive,notEnglish
1,Ni,carrot,naive,notEnglish
2,Ni,pigeon,naive,notEnglish
1,Ni,paprika,naive,notEnglish
1,Ni,spider,naive,notEnglish
2,Ni,owl,naive,notEnglish
6,Ni,shark,naive,notEnglish
1,Ni,blackberry,naive,notEnglish
6,Ni,reindeer,naive,notEnglish
1,Ni,bat,naive,notEnglish
4,Ni,fox,naive,notEnglish
1,Ni,tomato,naive,notEnglish
1,Ni,walnut,naive,notEnglish
2,Ni,mouse,naive,notEnglish
1,Ni,asparagus,naive,notEnglish
1,Ni,kiwi,naive,notEnglish
1,Ni,mushroom,naive,notEnglish
1,Ni,peanut,naive,notEnglish
2,Ni,bunny,naive,notEnglish
1,Ni,mole,naive,notEnglish
2,Ni,pineapple,naive,notEnglish
1,Ni,bee,naive,notEnglish
2,Ni,gull,naive,notEnglish
2,Ni,cucumber,naive,notEnglish
1,Ni,clove,naive,notEnglish
1,Ni,butterfly,naive,notEnglish
2,Ni,squirrel,naive,notEnglish
3,Ni,goat,naive,notEnglish
3,Ni,eagle,naive,notEnglish
4,Ni,horse,naive,notEnglish
1,Ni,radish,naive,notEnglish
1,Ni,frog,naive,notEnglish
4,Ni,camel,naive,notEnglish
2,Ni,pear,naive,notEnglish
1,Ni,badger,naive,notEnglish
2,Ni,monkey,naive,notEnglish
1,Ni,orange,naive,notEnglish
3,Ni,mustard,naive,notEnglish
1,Ni,cherry,naive,notEnglish
7,Ni,whale,naive,notEnglish
1,Ni,leek,naive,notEnglish
1,Ni,wasp,naive,notEnglish
3,Ni,cat,naive,notEnglish
4,Ni,vulture,naive,notEnglish
2,Ni,apple,naive,notEnglish
2,Ni,banana,naive,notEnglish
2,Ni,avocado,naive,notEnglish
3,Ni,dog,naive,notEnglish
2,Ni,beetroot,naive,notEnglish
1,Ni,almond,naive,notEnglish
2,Ni,hedgehog,naive,notEnglish
3,Ni,swan,naive,notEnglish
1,Ni,blueberry,naive,notEnglish
5,Ni,crocodile,naive,notEnglish
6,Ni,moose,naive,notEnglish
2,Ni,broccoli,naive,notEnglish
4,Ni,pig,naive,notEnglish
4,Ni,stork,naive,notEnglish
2,Ni,apricot,naive,notEnglish
3,Ni,donkey,naive,notEnglish
1,Ni,grape,naive,notEnglish
2,Ni,melon,naive,notEnglish
5,Ni,lion,naive,notEnglish
7,Ni,elephant,naive,notEnglish
2,Ni,beaver,naive,notEnglish
1,Ni,woodpecker,naive,notEnglish
1,Ni,potato,naive,notEnglish
1,Ni,lettuce,naive,notEnglish
1,Ni,strawberry,naive,notEnglish
4,Ni,squid,naive,notEnglish
2,To,spider,naive,English
4,To,melon,naive,English
3,To,banana,naive,English
3,To,badger,naive,English
2,To,butterfly,naive,English
3,To,pigeon,naive,English
2,To,grape,naive,English
3,To,broccoli,naive,English
3,To,woodpecker,naive,English
4,To,squid,naive,English
3,To,swan,naive,English
2,To,mushroom,naive,English
3,To,asparagus,naive,English
3,To,goose,naive,English
4,To,vulture,naive,English
3,To,bunny,naive,English
4,To,lion,naive,English
3,To,leek,naive,English
3,To,mole,naive,English
2,To,beetroot,naive,English
2,To,frog,naive,English
4,To,moose,naive,English
3,To,stork,naive,English
3,To,hedgehog,naive,English
5,To,shark,naive,English
3,To,pear,naive,English
3,To,radish,naive,English
4,To,horse,naive,English
3,To,owl,naive,English
2,To,apricot,naive,English
3,To,snake,naive,English
2,To,bee,naive,English
2,To,blueberry,naive,English
4,To,camel,naive,English
3,To,cucumber,naive,English
3,To,chicken,naive,English
5,To,crocodile,naive,English
2,To,potato,naive,English
2,To,peanut,naive,English
7,To,whale,naive,English
3,To,monkey,naive,English
3,To,beaver,naive,English
3,To,orange,naive,English
3,To,bat,naive,English
2,To,ant,naive,English
4,To,dolphin,naive,English
5,To,elephant,naive,English
4,To,pig,naive,English
3,To,magpie,naive,English
3,To,mustard,naive,English
4,To,reindeer,naive,English
2,To,wasp,naive,English
3,To,mouse,naive,English
2,To,olive,naive,English
4,To,sheep,naive,English
3,To,paprika,naive,English
3,To,avocado,naive,English
4,To,donkey,naive,English
3,To,eggplant,naive,English
3,To,carrot,naive,English
4,To,cat,naive,English
4,To,dog,naive,English
2,To,almond,naive,English
3,To,apple,naive,English
3,To,lettuce,naive,English
2,To,strawberry,naive,English
3,To,lemon,naive,English
2,To,walnut,naive,English
2,To,blackberry,naive,English
4,To,gull,naive,English
3,To,clove,naive,English
3,To,gherkin,naive,English
4,To,fox,naive,English
3,To,pineapple,naive,English
2,To,cherry,naive,English
3,To,tomato,naive,English
4,To,goat,naive,English
4,To,eagle,naive,English
3,To,tortoise,naive,English
3,To,kiwi,naive,English
3,To,squirrel,naive,English
3,Mar,donkey,naive,English
4,Mar,goose,naive,English
2,Mar,owl,naive,English
2,Mar,hedgehog,naive,English
4,Mar,vulture,naive,English
1,Mar,olive,naive,English
2,Mar,carrot,naive,English
4,Mar,kiwi,naive,English
1,Mar,blackberry,naive,English
1,Mar,blueberry,naive,English
5,Mar,dolphin,naive,English
2,Mar,melon,naive,English
3,Mar,gull,naive,English
4,Mar,squid,naive,English
2,Mar,tomato,naive,English
2,Mar,mushroom,naive,English
3,Mar,dog,naive,English
5,Mar,shark,naive,English
7,Mar,elephant,naive,English
2,Mar,orange,naive,English
2,Mar,leek,naive,English
6,Mar,lion,naive,English
6,Mar,crocodile,naive,English
4,Mar,pig,naive,English
2,Mar,pineapple,naive,English
4,Mar,swan,naive,English
2,Mar,apricot,naive,English
2,Mar,frog,naive,English
3,Mar,lettuce,naive,English
1,Mar,ant,naive,English
2,Mar,cherry,naive,English
1,Mar,clove,naive,English
1,Mar,wasp,naive,English
2,Mar,avocado,naive,English
3,Mar,squirrel,naive,English
2,Mar,bat,naive,English
1,Mar,radish,naive,English
1,Mar,butterfly,naive,English
1,Mar,paprika,naive,English
4,Mar,sheep,naive,English
3,Mar,cat,naive,English
6,Mar,reindeer,naive,English
2,Mar,cucumber,naive,English
3,Mar,bunny,naive,English
4,Mar,snake,naive,English
2,Mar,beetroot,naive,English
6,Mar,moose,naive,English
6,Mar,whale,naive,English
2,Mar,pear,naive,English
2,Mar,mole,naive,English
3,Mar,monkey,naive,English
2,Mar,gherkin,naive,English
1,Mar,peanut,naive,English
4,Mar,badger,naive,English
2,Mar,potato,naive,English
1,Mar,bee,naive,English
5,Mar,camel,naive,English
2,Mar,walnut,naive,English
2,Mar,mouse,naive,English
3,Mar,eggplant,naive,English
5,Mar,tortoise,naive,English
4,Mar,woodpecker,naive,English
4,Mar,fox,naive,English
3,Mar,magpie,naive,English
2,Mar,banana,naive,English
1,Mar,grape,naive,English
1,Mar,almond,naive,English
2,Mar,lemon,naive,English
2,Mar,strawberry,naive,English
4,Mar,goat,naive,English
6,Mar,horse,naive,English
2,Mar,broccoli,naive,English
2,Mar,asparagus,naive,English
2,Mar,apple,naive,English
4,Mar,eagle,naive,English
3,Mar,pigeon,naive,English
3,Mar,chicken,naive,English
1,Mar,spider,naive,English
1,Mar,mustard,naive,English
4,Mar,stork,naive,English
4,Mar,beaver,naive,English
4,ME,dog,naive,English
1,ME,walnut,naive,English
3,ME,goose,naive,English
2,ME,pineapple,naive,English
3,ME,kiwi,naive,English
1,ME,strawberry,naive,English
3,ME,woodpecker,naive,English
1,ME,paprika,naive,English
1,ME,peanut,naive,English
2,ME,apricot,naive,English
3,ME,broccoli,naive,English
1,ME,gherkin,naive,English
6,ME,lion,naive,English
7,ME,reindeer,naive,English
3,ME,eggplant,naive,English
4,ME,swan,naive,English
2,ME,radish,naive,English
1,ME,frog,naive,English
6,ME,shark,naive,English
4,ME,badger,naive,English
7,ME,moose,naive,English
7,ME,elephant,naive,English
5,ME,snake,naive,English
1,ME,olive,naive,English
1,ME,potato,naive,English
2,ME,pear,naive,English
4,ME,horse,naive,English
2,ME,owl,naive,English
1,ME,wasp,naive,English
4,ME,donkey,naive,English
2,ME,avocado,naive,English
1,ME,almond,naive,English
7,ME,whale,naive,English
1,ME,blackberry,naive,English
2,ME,banana,naive,English
4,ME,eagle,naive,English
1,ME,bat,naive,English
1,ME,spider,naive,English
2,ME,pigeon,naive,English
2,ME,cucumber,naive,English
2,ME,hedgehog,naive,English
2,ME,leek,naive,English
3,ME,mole,naive,English
4,ME,beaver,naive,English
1,ME,lemon,naive,English
2,ME,bunny,naive,English
2,ME,apple,naive,English
1,ME,ant,naive,English
1,ME,cherry,naive,English
2,ME,chicken,naive,English
1,ME,mouse,naive,English
1,ME,bee,naive,English
2,ME,carrot,naive,English
4,ME,pig,naive,English
3,ME,lettuce,naive,English
5,ME,goat,naive,English
3,ME,squirrel,naive,English
1,ME,tomato,naive,English
1,ME,grape,naive,English
5,ME,dolphin,naive,English
1,ME,mustard,naive,English
3,ME,magpie,naive,English
4,ME,sheep,naive,English
3,ME,fox,naive,English
1,ME,mushroom,naive,English
4,ME,monkey,naive,English
2,ME,orange,naive,English
7,ME,squid,naive,English
3,ME,gull,naive,English
4,ME,vulture,naive,English
2,ME,cat,naive,English
1,ME,butterfly,naive,English
4,ME,stork,naive,English
2,ME,asparagus,naive,English
2,ME,tortoise,naive,English
2,ME,beetroot,naive,English
5,ME,crocodile,naive,English
1,ME,clove,naive,English
2,ME,melon,naive,English
5,ME,camel,naive,English
1,ME,blueberry,naive,English
2,Pt,bee,naive,English
3,Pt,magpie,naive,English
1,Pt,radish,naive,English
7,Pt,crocodile,naive,English
3,Pt,potato,naive,English
1,Pt,wasp,naive,English
4,Pt,swan,naive,English
3,Pt,gherkin,naive,English
4,Pt,dolphin,naive,English
7,Pt,whale,naive,English
2,Pt,chicken,naive,English
4,Pt,cat,naive,English
1,Pt,mole,naive,English
4,Pt,dog,naive,English
1,Pt,mouse,naive,English
1,Pt,kiwi,naive,English
7,Pt,elephant,naive,English
3,Pt,badger,naive,English
2,Pt,woodpecker,naive,English
1,Pt,blueberry,naive,English
5,Pt,donkey,naive,English
6,Pt,reindeer,naive,English
3,Pt,pigeon,naive,English
6,Pt,squid,naive,English
5,Pt,lion,naive,English
4,Pt,shark,naive,English
4,Pt,camel,naive,English
2,Pt,asparagus,naive,English
2,Pt,banana,naive,English
2,Pt,lemon,naive,English
3,Pt,cucumber,naive,English
3,Pt,goose,naive,English
2,Pt,frog,naive,English
2,Pt,mushroom,naive,English
3,Pt,carrot,naive,English
3,Pt,lettuce,naive,English
1,Pt,butterfly,naive,English
2,Pt,grape,naive,English
3,Pt,eggplant,naive,English
3,Pt,beetroot,naive,English
2,Pt,gull,naive,English
2,Pt,apricot,naive,English
3,Pt,broccoli,naive,English
2,Pt,strawberry,naive,English
4,Pt,squirrel,naive,English
3,Pt,fox,naive,English
2,Pt,owl,naive,English
6,Pt,moose,naive,English
2,Pt,walnut,naive,English
3,Pt,beaver,naive,English
2,Pt,almond,naive,English
1,Pt,ant,naive,English
3,Pt,snake,naive,English
1,Pt,paprika,naive,English
5,Pt,goat,naive,English
2,Pt,hedgehog,naive,English
5,Pt,tortoise,naive,English
5,Pt,monkey,naive,English
1,Pt,peanut,naive,English
1,Pt,blackberry,naive,English
3,Pt,melon,naive,English
3,Pt,stork,naive,English
4,Pt,eagle,naive,English
5,Pt,vulture,naive,English
2,Pt,orange,naive,English
4,Pt,sheep,naive,English
1,Pt,clove,naive,English
2,Pt,cherry,naive,English
5,Pt,horse,naive,English
3,Pt,apple,naive,English
1,Pt,mustard,naive,English
3,Pt,bat,naive,English
2,Pt,olive,naive,English
3,Pt,bunny,naive,English
3,Pt,leek,naive,English
2,Pt,pear,naive,English
5,Pt,pig,naive,English
4,Pt,avocado,naive,English
2,Pt,spider,naive,English
2,Pt,pineapple,naive,English
2,Pt,tomato,naive,English
3,AL,goose,naive,English
3,AL,magpie,naive,English
2,AL,lemon,naive,English
4,AL,snake,naive,English
1,AL,olive,naive,English
4,AL,tortoise,naive,English
2,AL,gherkin,naive,English
6,AL,dolphin,naive,English
4,AL,chicken,naive,English
5,AL,sheep,naive,English
3,AL,eggplant,naive,English
1,AL,ant,naive,English
3,AL,carrot,naive,English
3,AL,pigeon,naive,English
2,AL,paprika,naive,English
1,AL,spider,naive,English
4,AL,owl,naive,English
6,AL,shark,naive,English
1,AL,blackberry,naive,English
6,AL,reindeer,naive,English
2,AL,bat,naive,English
5,AL,fox,naive,English
2,AL,tomato,naive,English
1,AL,walnut,naive,English
2,AL,mouse,naive,English
2,AL,asparagus,naive,English
4,AL,kiwi,naive,English
1,AL,mushroom,naive,English
1,AL,peanut,naive,English
3,AL,bunny,naive,English
4,AL,mole,naive,English
3,AL,pineapple,naive,English
1,AL,bee,naive,English
3,AL,gull,naive,English
3,AL,cucumber,naive,English
2,AL,clove,naive,English
1,AL,butterfly,naive,English
3,AL,squirrel,naive,English
5,AL,goat,naive,English
3,AL,eagle,naive,English
6,AL,horse,naive,English
2,AL,radish,naive,English
2,AL,frog,naive,English
6,AL,camel,naive,English
2,AL,pear,naive,English
4,AL,badger,naive,English
5,AL,monkey,naive,English
2,AL,orange,naive,English
1,AL,mustard,naive,English
1,AL,cherry,naive,English
7,AL,whale,naive,English
3,AL,leek,naive,English
1,AL,wasp,naive,English
4,AL,cat,naive,English
4,AL,vulture,naive,English
2,AL,apple,naive,English
2,AL,banana,naive,English
2,AL,avocado,naive,English
4,AL,dog,naive,English
2,AL,beetroot,naive,English
1,AL,almond,naive,English
3,AL,hedgehog,naive,English
3,AL,swan,naive,English
1,AL,blueberry,naive,English
6,AL,crocodile,naive,English
7,AL,moose,naive,English
2,AL,broccoli,naive,English
6,AL,pig,naive,English
4,AL,stork,naive,English
2,AL,apricot,naive,English
6,AL,donkey,naive,English
1,AL,grape,naive,English
3,AL,melon,naive,English
6,AL,lion,naive,English
7,AL,elephant,naive,English
4,AL,beaver,naive,English
3,AL,woodpecker,naive,English
2,AL,potato,naive,English
3,AL,lettuce,naive,English
1,AL,strawberry,naive,English
7,AL,squid,naive,English
2,DM,strawberry,naive,English
4,DM,lettuce,naive,English
2,DM,olive,naive,English
4,DM,pigeon,naive,English
5,DM,dog,naive,English
4,DM,squirrel,naive,English
1,DM,ant,naive,English
3,DM,pear,naive,English
1,DM,spider,naive,English
6,DM,moose,naive,English
4,DM,melon,naive,English
4,DM,magpie,naive,English
6,DM,reindeer,naive,English
4,DM,kiwi,naive,English
2,DM,grape,naive,English
7,DM,elephant,naive,English
6,DM,dolphin,naive,English
6,DM,crocodile,naive,English
6,DM,shark,naive,English
3,DM,bat,naive,English
3,DM,chicken,naive,English
4,DM,vulture,naive,English
4,DM,snake,naive,English
2,DM,bee,naive,English
4,DM,stork,naive,English
3,DM,beetroot,naive,English
3,DM,eggplant,naive,English
2,DM,walnut,naive,English
2,DM,mushroom,naive,English
2,DM,radish,naive,English
3,DM,pineapple,naive,English
3,DM,tomato,naive,English
3,DM,apple,naive,English
3,DM,banana,naive,English
4,DM,squid,naive,English
4,DM,badger,naive,English
4,DM,eagle,naive,English
5,DM,tortoise,naive,English
3,DM,hedgehog,naive,English
4,DM,goose,naive,English
2,DM,peanut,naive,English
6,DM,horse,naive,English
1,DM,paprika,naive,English
3,DM,lemon,naive,English
5,DM,goat,naive,English
2,DM,apricot,naive,English
5,DM,sheep,naive,English
3,DM,carrot,naive,English
4,DM,broccoli,naive,English
4,DM,swan,naive,English
3,DM,frog,naive,English
4,DM,owl,naive,English
4,DM,beaver,naive,English
3,DM,woodpecker,naive,English
2,DM,mouse,naive,English
5,DM,donkey,naive,English
3,DM,mole,naive,English
2,DM,wasp,naive,English
3,DM,orange,naive,English
3,DM,avocado,naive,English
5,DM,monkey,naive,English
3,DM,potato,naive,English
4,DM,gull,naive,English
5,DM,lion,naive,English
2,DM,almond,naive,English
2,DM,blueberry,naive,English
3,DM,gherkin,naive,English
2,DM,cherry,naive,English
2,DM,blackberry,naive,English
2,DM,butterfly,naive,English
1,DM,mustard,naive,English
1,DM,clove,naive,English
3,DM,cucumber,naive,English
4,DM,fox,naive,English
4,DM,bunny,naive,English
5,DM,pig,naive,English
4,DM,cat,naive,English
3,DM,leek,naive,English
7,DM,whale,naive,English
6,DM,camel,naive,English
3,DM,asparagus,naive,English
4,Rab,donkey,naive,English
1,Rab,wasp,naive,English
3,Rab,cat,naive,English
1,Rab,peanut,naive,English
3,Rab,bat,naive,English
4,Rab,swan,naive,English
3,Rab,pig,naive,English
1,Rab,blackberry,naive,English
6,Rab,lion,naive,English
1,Rab,tomato,naive,English
5,Rab,camel,naive,English
7,Rab,elephant,naive,English
2,Rab,carrot,naive,English
3,Rab,woodpecker,naive,English
1,Rab,blueberry,naive,English
1,Rab,radish,naive,English
1,Rab,potato,naive,English
1,Rab,bee,naive,English
3,Rab,crocodile,naive,English
1,Rab,broccoli,naive,English
1,Rab,cherry,naive,English
1,Rab,grape,naive,English
3,Rab,horse,naive,English
4,Rab,goose,naive,English
1,Rab,mole,naive,English
1,Rab,leek,naive,English
2,Rab,gull,naive,English
1,Rab,gherkin,naive,English
1,Rab,orange,naive,English
3,Rab,reindeer,naive,English
1,Rab,mouse,naive,English
1,Rab,butterfly,naive,English
4,Rab,monkey,naive,English
1,Rab,pineapple,naive,English
1,Rab,mustard,naive,English
1,Rab,snake,naive,English
3,Rab,stork,naive,English
1,Rab,beetroot,naive,English
3,Rab,shark,naive,English
1,Rab,magpie,naive,English
1,Rab,cucumber,naive,English
1,Rab,owl,naive,English
1,Rab,apricot,naive,English
3,Rab,beaver,naive,English
1,Rab,lemon,naive,English
1,Rab,walnut,naive,English
3,Rab,goat,naive,English
3,Rab,fox,naive,English
3,Rab,moose,naive,English
3,Rab,dolphin,naive,English
1,Rab,ant,naive,English
2,Rab,hedgehog,naive,English
4,Rab,eagle,naive,English
4,Rab,sheep,naive,English
1,Rab,frog,naive,English
7,Rab,whale,naive,English
4,Rab,vulture,naive,English
1,Rab,avocado,naive,English
1,Rab,olive,naive,English
3,Rab,squid,naive,English
3,Rab,chicken,naive,English
1,Rab,mushroom,naive,English
1,Rab,strawberry,naive,English
1,Rab,lettuce,naive,English
1,Rab,badger,naive,English
1,Rab,pear,naive,English
1,Rab,paprika,naive,English
1,Rab,clove,naive,English
1,Rab,eggplant,naive,English
1,Rab,apple,naive,English
2,Rab,squirrel,naive,English
1,Rab,spider,naive,English
4,Rab,dog,naive,English
1,Rab,melon,naive,English
1,Rab,almond,naive,English
1,Rab,asparagus,naive,English
1,Rab,kiwi,naive,English
1,Rab,banana,naive,English
1,Rab,bunny,naive,English
2,Rab,tortoise,naive,English
2,Rab,pigeon,naive,English
5,H,donkey,naive,English
2,H,wasp,naive,English
3,H,cat,naive,English
2,H,peanut,naive,English
3,H,bat,naive,English
5,H,swan,naive,English
7,H,pig,naive,English
1,H,blackberry,naive,English
7,H,lion,naive,English
3,H,tomato,naive,English
7,H,camel,naive,English
7,H,elephant,naive,English
4,H,carrot,naive,English
6,H,woodpecker,naive,English
2,H,blueberry,naive,English
4,H,radish,naive,English
3,H,potato,naive,English
2,H,bee,naive,English
7,H,crocodile,naive,English
4,H,broccoli,naive,English
2,H,cherry,naive,English
2,H,grape,naive,English
7,H,horse,naive,English
5,H,goose,naive,English
4,H,mole,naive,English
2,H,leek,naive,English
5,H,gull,naive,English
3,H,gherkin,naive,English
3,H,orange,naive,English
7,H,reindeer,naive,English
2,H,mouse,naive,English
1,H,butterfly,naive,English
7,H,monkey,naive,English
3,H,pineapple,naive,English
3,H,mustard,naive,English
6,H,snake,naive,English
6,H,stork,naive,English
3,H,beetroot,naive,English
7,H,shark,naive,English
5,H,magpie,naive,English
2,H,cucumber,naive,English
4,H,owl,naive,English
2,H,apricot,naive,English
5,H,beaver,naive,English
3,H,lemon,naive,English
1,H,walnut,naive,English
6,H,goat,naive,English
6,H,fox,naive,English
7,H,moose,naive,English
6,H,dolphin,naive,English
1,H,ant,naive,English
3,H,hedgehog,naive,English
6,H,eagle,naive,English
7,H,sheep,naive,English
2,H,frog,naive,English
7,H,whale,naive,English
6,H,vulture,naive,English
3,H,avocado,naive,English
1,H,olive,naive,English
6,H,squid,naive,English
4,H,chicken,naive,English
2,H,mushroom,naive,English
2,H,strawberry,naive,English
3,H,lettuce,naive,English
4,H,badger,naive,English
2,H,pear,naive,English
3,H,paprika,naive,English
1,H,clove,naive,English
3,H,eggplant,naive,English
2,H,apple,naive,English
4,H,squirrel,naive,English
1,H,spider,naive,English
6,H,dog,naive,English
4,H,melon,naive,English
1,H,almond,naive,English
3,H,asparagus,naive,English
2,H,kiwi,naive,English
3,H,banana,naive,English
4,H,bunny,naive,English
4,H,tortoise,naive,English
5,H,pigeon,naive,English
1,SYK,bee,naive,notEnglish
3,SYK,magpie,naive,notEnglish
1,SYK,radish,naive,notEnglish
6,SYK,crocodile,naive,notEnglish
2,SYK,potato,naive,notEnglish
4,SYK,wasp,naive,notEnglish
5,SYK,swan,naive,notEnglish
1,SYK,gherkin,naive,notEnglish
6,SYK,dolphin,naive,notEnglish
7,SYK,whale,naive,notEnglish
3,SYK,chicken,naive,notEnglish
2,SYK,cat,naive,notEnglish
4,SYK,mole,naive,notEnglish
5,SYK,dog,naive,notEnglish
2,SYK,mouse,naive,notEnglish
2,SYK,kiwi,naive,notEnglish
7,SYK,elephant,naive,notEnglish
5,SYK,badger,naive,notEnglish
2,SYK,woodpecker,naive,notEnglish
1,SYK,blueberry,naive,notEnglish
5,SYK,donkey,naive,notEnglish
5,SYK,reindeer,naive,notEnglish
2,SYK,pigeon,naive,notEnglish
1,SYK,squid,naive,notEnglish
7,SYK,lion,naive,notEnglish
7,SYK,shark,naive,notEnglish
7,SYK,camel,naive,notEnglish
1,SYK,asparagus,naive,notEnglish
1,SYK,banana,naive,notEnglish
1,SYK,lemon,naive,notEnglish
1,SYK,cucumber,naive,notEnglish
3,SYK,goose,naive,notEnglish
2,SYK,frog,naive,notEnglish
1,SYK,mushroom,naive,notEnglish
1,SYK,carrot,naive,notEnglish
2,SYK,lettuce,naive,notEnglish
1,SYK,butterfly,naive,notEnglish
1,SYK,grape,naive,notEnglish
1,SYK,eggplant,naive,notEnglish
1,SYK,beetroot,naive,notEnglish
4,SYK,gull,naive,notEnglish
1,SYK,apricot,naive,notEnglish
2,SYK,broccoli,naive,notEnglish
1,SYK,strawberry,naive,notEnglish
3,SYK,squirrel,naive,notEnglish
5,SYK,fox,naive,notEnglish
2,SYK,owl,naive,notEnglish
2,SYK,moose,naive,notEnglish
1,SYK,walnut,naive,notEnglish
1,SYK,beaver,naive,notEnglish
1,SYK,almond,naive,notEnglish
1,SYK,ant,naive,notEnglish
2,SYK,snake,naive,notEnglish
1,SYK,paprika,naive,notEnglish
3,SYK,goat,naive,notEnglish
5,SYK,hedgehog,naive,notEnglish
1,SYK,tortoise,naive,notEnglish
2,SYK,monkey,naive,notEnglish
1,SYK,peanut,naive,notEnglish
1,SYK,blackberry,naive,notEnglish
2,SYK,melon,naive,notEnglish
3,SYK,stork,naive,notEnglish
6,SYK,eagle,naive,notEnglish
5,SYK,vulture,naive,notEnglish
2,SYK,orange,naive,notEnglish
5,SYK,sheep,naive,notEnglish
1,SYK,clove,naive,notEnglish
1,SYK,cherry,naive,notEnglish
6,SYK,horse,naive,notEnglish
1,SYK,apple,naive,notEnglish
1,SYK,mustard,naive,notEnglish
3,SYK,bat,naive,notEnglish
1,SYK,olive,naive,notEnglish
5,SYK,bunny,naive,notEnglish
1,SYK,leek,naive,notEnglish
1,SYK,pear,naive,notEnglish
5,SYK,pig,naive,notEnglish
2,SYK,avocado,naive,notEnglish
1,SYK,spider,naive,notEnglish
2,SYK,pineapple,naive,notEnglish
2,SYK,tomato,naive,notEnglish
5,MR,horse,naive,English
2,MR,gherkin,naive,English
3,MR,hedgehog,naive,English
2,MR,bee,naive,English
2,MR,peanut,naive,English
3,MR,pear,naive,English
3,MR,pineapple,naive,English
2,MR,frog,naive,English
2,MR,blackberry,naive,English
2,MR,pigeon,naive,English
2,MR,tortoise,naive,English
2,MR,tomato,naive,English
3,MR,pig,naive,English
5,MR,donkey,naive,English
2,MR,magpie,naive,English
2,MR,melon,naive,English
2,MR,paprika,naive,English
2,MR,squirrel,naive,English
2,MR,beetroot,naive,English
3,MR,snake,naive,English
3,MR,goat,naive,English
2,MR,cucumber,naive,English
2,MR,strawberry,naive,English
3,MR,fox,naive,English
2,MR,walnut,naive,English
2,MR,broccoli,naive,English
2,MR,bat,naive,English
3,MR,dog,naive,English
2,MR,butterfly,naive,English
1,MR,spider,naive,English
2,MR,apricot,naive,English
2,MR,owl,naive,English
2,MR,mushroom,naive,English
2,MR,gull,naive,English
4,MR,dolphin,naive,English
1,MR,clove,naive,English
5,MR,reindeer,naive,English
4,MR,shark,naive,English
2,MR,olive,naive,English
2,MR,almond,naive,English
6,MR,whale,naive,English
5,MR,moose,naive,English
5,MR,camel,naive,English
2,MR,wasp,naive,English
2,MR,lettuce,naive,English
2,MR,potato,naive,English
3,MR,sheep,naive,English
3,MR,cat,naive,English
2,MR,cherry,naive,English
2,MR,eggplant,naive,English
2,MR,asparagus,naive,English
3,MR,vulture,naive,English
2,MR,bunny,naive,English
2,MR,mouse,naive,English
3,MR,leek,naive,English
3,MR,badger,naive,English
1,MR,ant,naive,English
2,MR,grape,naive,English
3,MR,eagle,naive,English
5,MR,lion,naive,English
2,MR,mustard,naive,English
2,MR,woodpecker,naive,English
2,MR,kiwi,naive,English
2,MR,carrot,naive,English
2,MR,radish,naive,English
3,MR,beaver,naive,English
2,MR,lemon,naive,English
2,MR,squid,naive,English
2,MR,mole,naive,English
2,MR,blueberry,naive,English
2,MR,chicken,naive,English
6,MR,elephant,naive,English
2,MR,banana,naive,English
4,MR,stork,naive,English
2,MR,orange,naive,English
5,MR,crocodile,naive,English
4,MR,swan,naive,English
3,MR,monkey,naive,English
2,MR,avocado,naive,English
3,MR,goose,naive,English
2,MR,apple,naive,English
2,An1,strawberry,naive,English
3,An1,lettuce,naive,English
2,An1,olive,naive,English
3,An1,pigeon,naive,English
4,An1,dog,naive,English
3,An1,squirrel,naive,English
2,An1,ant,naive,English
3,An1,pear,naive,English
2,An1,spider,naive,English
5,An1,moose,naive,English
3,An1,melon,naive,English
3,An1,magpie,naive,English
5,An1,reindeer,naive,English
4,An1,kiwi,naive,English
2,An1,grape,naive,English
6,An1,elephant,naive,English
5,An1,dolphin,naive,English
5,An1,crocodile,naive,English
5,An1,shark,naive,English
3,An1,bat,naive,English
4,An1,chicken,naive,English
4,An1,vulture,naive,English
3,An1,snake,naive,English
2,An1,bee,naive,English
4,An1,stork,naive,English
3,An1,beetroot,naive,English
3,An1,eggplant,naive,English
2,An1,walnut,naive,English
3,An1,mushroom,naive,English
2,An1,radish,naive,English
3,An1,pineapple,naive,English
2,An1,tomato,naive,English
3,An1,apple,naive,English
3,An1,banana,naive,English
5,An1,squid,naive,English
5,An1,badger,naive,English
4,An1,eagle,naive,English
4,An1,tortoise,naive,English
3,An1,hedgehog,naive,English
4,An1,goose,naive,English
2,An1,peanut,naive,English
5,An1,horse,naive,English
1,An1,paprika,naive,English
2,An1,lemon,naive,English
4,An1,goat,naive,English
2,An1,apricot,naive,English
4,An1,sheep,naive,English
3,An1,carrot,naive,English
3,An1,broccoli,naive,English
4,An1,swan,naive,English
3,An1,frog,naive,English
3,An1,owl,naive,English
4,An1,beaver,naive,English
3,An1,woodpecker,naive,English
2,An1,mouse,naive,English
4,An1,donkey,naive,English
3,An1,mole,naive,English
2,An1,wasp,naive,English
3,An1,orange,naive,English
3,An1,avocado,naive,English
3,An1,monkey,naive,English
3,An1,potato,naive,English
3,An1,gull,naive,English
4,An1,lion,naive,English
2,An1,almond,naive,English
2,An1,blueberry,naive,English
2,An1,gherkin,naive,English
2,An1,cherry,naive,English
2,An1,blackberry,naive,English
2,An1,butterfly,naive,English
1,An1,mustard,naive,English
2,An1,clove,naive,English
3,An1,cucumber,naive,English
3,An1,fox,naive,English
3,An1,bunny,naive,English
4,An1,pig,naive,English
3,An1,cat,naive,English
3,An1,leek,naive,English
6,An1,whale,naive,English
5,An1,camel,naive,English
3,An1,asparagus,naive,English
2,Da,strawberry,naive,notEnglish
3,Da,lettuce,naive,notEnglish
1,Da,olive,naive,notEnglish
3,Da,pigeon,naive,notEnglish
4,Da,dog,naive,notEnglish
3,Da,squirrel,naive,notEnglish
1,Da,ant,naive,notEnglish
3,Da,pear,naive,notEnglish
1,Da,spider,naive,notEnglish
5,Da,moose,naive,notEnglish
3,Da,melon,naive,notEnglish
3,Da,magpie,naive,notEnglish
5,Da,reindeer,naive,notEnglish
3,Da,kiwi,naive,notEnglish
2,Da,grape,naive,notEnglish
6,Da,elephant,naive,notEnglish
4,Da,dolphin,naive,notEnglish
5,Da,crocodile,naive,notEnglish
5,Da,shark,naive,notEnglish
3,Da,bat,naive,notEnglish
3,Da,chicken,naive,notEnglish
3,Da,vulture,naive,notEnglish
3,Da,snake,naive,notEnglish
2,Da,bee,naive,notEnglish
3,Da,stork,naive,notEnglish
3,Da,beetroot,naive,notEnglish
3,Da,eggplant,naive,notEnglish
2,Da,walnut,naive,notEnglish
2,Da,mushroom,naive,notEnglish
2,Da,radish,naive,notEnglish
3,Da,pineapple,naive,notEnglish
2,Da,tomato,naive,notEnglish
2,Da,apple,naive,notEnglish
2,Da,banana,naive,notEnglish
2,Da,squid,naive,notEnglish
3,Da,badger,naive,notEnglish
4,Da,eagle,naive,notEnglish
4,Da,tortoise,naive,notEnglish
3,Da,hedgehog,naive,notEnglish
4,Da,goose,naive,notEnglish
2,Da,peanut,naive,notEnglish
5,Da,horse,naive,notEnglish
1,Da,paprika,naive,notEnglish
2,Da,lemon,naive,notEnglish
4,Da,goat,naive,notEnglish
2,Da,apricot,naive,notEnglish
4,Da,sheep,naive,notEnglish
3,Da,carrot,naive,notEnglish
3,Da,broccoli,naive,notEnglish
4,Da,swan,naive,notEnglish
2,Da,frog,naive,notEnglish
4,Da,owl,naive,notEnglish
4,Da,beaver,naive,notEnglish
3,Da,woodpecker,naive,notEnglish
2,Da,mouse,naive,notEnglish
5,Da,donkey,naive,notEnglish
4,Da,mole,naive,notEnglish
2,Da,wasp,naive,notEnglish
3,Da,orange,naive,notEnglish
3,Da,avocado,naive,notEnglish
4,Da,monkey,naive,notEnglish
3,Da,potato,naive,notEnglish
3,Da,gull,naive,notEnglish
5,Da,lion,naive,notEnglish
2,Da,almond,naive,notEnglish
2,Da,blueberry,naive,notEnglish
2,Da,gherkin,naive,notEnglish
2,Da,cherry,naive,notEnglish
2,Da,blackberry,naive,notEnglish
3,Da,butterfly,naive,notEnglish
1,Da,mustard,naive,notEnglish
2,Da,clove,naive,notEnglish
3,Da,cucumber,naive,notEnglish
4,Da,fox,naive,notEnglish
3,Da,bunny,naive,notEnglish
4,Da,pig,naive,notEnglish
3,Da,cat,naive,notEnglish
2,Da,leek,naive,notEnglish
7,Da,whale,naive,notEnglish
6,Da,camel,naive,notEnglish
2,Da,asparagus,naive,notEnglish
2,An2,frog,naive,notEnglish
1,An2,beetroot,naive,notEnglish
2,An2,leek,naive,notEnglish
4,An2,owl,naive,notEnglish
1,An2,peanut,naive,notEnglish
2,An2,walnut,naive,notEnglish
3,An2,apple,naive,notEnglish
1,An2,spider,naive,notEnglish
4,An2,swan,naive,notEnglish
2,An2,butterfly,naive,notEnglish
5,An2,goat,naive,notEnglish
4,An2,fox,naive,notEnglish
2,An2,melon,naive,notEnglish
5,An2,donkey,naive,notEnglish
2,An2,asparagus,naive,notEnglish
2,An2,pigeon,naive,notEnglish
3,An2,bunny,naive,notEnglish
1,An2,clove,naive,notEnglish
1,An2,paprika,naive,notEnglish
1,An2,olive,naive,notEnglish
7,An2,horse,naive,notEnglish
3,An2,pineapple,naive,notEnglish
7,An2,moose,naive,notEnglish
2,An2,banana,naive,notEnglish
2,An2,lemon,naive,notEnglish
7,An2,lion,naive,notEnglish
6,An2,pig,naive,notEnglish
1,An2,grape,naive,notEnglish
2,An2,pear,naive,notEnglish
1,An2,mustard,naive,notEnglish
1,An2,ant,naive,notEnglish
1,An2,wasp,naive,notEnglish
5,An2,sheep,naive,notEnglish
3,An2,woodpecker,naive,notEnglish
1,An2,orange,naive,notEnglish
7,An2,vulture,naive,notEnglish
1,An2,strawberry,naive,notEnglish
3,An2,dog,naive,notEnglish
3,An2,chicken,naive,notEnglish
1,An2,mushroom,naive,notEnglish
4,An2,monkey,naive,notEnglish
2,An2,tomato,naive,notEnglish
1,An2,mole,naive,notEnglish
4,An2,badger,naive,notEnglish
2,An2,potato,naive,notEnglish
5,An2,snake,naive,notEnglish
7,An2,camel,naive,notEnglish
1,An2,radish,naive,notEnglish
3,An2,magpie,naive,notEnglish
2,An2,mouse,naive,notEnglish
3,An2,gull,naive,notEnglish
7,An2,crocodile,naive,notEnglish
1,An2,bee,naive,notEnglish
1,An2,almond,naive,notEnglish
2,An2,broccoli,naive,notEnglish
3,An2,carrot,naive,notEnglish
2,An2,gherkin,naive,notEnglish
7,An2,shark,naive,notEnglish
2,An2,avocado,naive,notEnglish
1,An2,blueberry,naive,notEnglish
6,An2,dolphin,naive,notEnglish
4,An2,cat,naive,notEnglish
4,An2,beaver,naive,notEnglish
7,An2,elephant,naive,notEnglish
1,An2,apricot,naive,notEnglish
1,An2,tortoise,naive,notEnglish
3,An2,goose,naive,notEnglish
1,An2,squid,naive,notEnglish
3,An2,lettuce,naive,notEnglish
2,An2,squirrel,naive,notEnglish
1,An2,cherry,naive,notEnglish
7,An2,whale,naive,notEnglish
5,An2,eagle,naive,notEnglish
2,An2,eggplant,naive,notEnglish
1,An2,hedgehog,naive,notEnglish
2,An2,kiwi,naive,notEnglish
3,An2,bat,naive,notEnglish
1,An2,blackberry,naive,notEnglish
3,An2,stork,naive,notEnglish
7,An2,reindeer,naive,notEnglish
4,An2,cucumber,naive,notEnglish
2,Mn,bat,notNaive,English
2,Mn,mouse,notNaive,English
4,Mn,goat,notNaive,English
4,Mn,pig,notNaive,English
3,Mn,bunny,notNaive,English
1,Mn,cherry,notNaive,English
5,Mn,lion,notNaive,English
4,Mn,reindeer,notNaive,English
3,Mn,swan,notNaive,English
3,Mn,leek,notNaive,English
4,Mn,donkey,notNaive,English
1,Mn,blueberry,notNaive,English
2,Mn,cucumber,notNaive,English
5,Mn,horse,notNaive,English
4,Mn,sheep,notNaive,English
6,Mn,elephant,notNaive,English
3,Mn,beaver,notNaive,English
1,Mn,apricot,notNaive,English
2,Mn,squirrel,notNaive,English
1,Mn,potato,notNaive,English
1,Mn,butterfly,notNaive,English
2,Mn,beetroot,notNaive,English
2,Mn,carrot,notNaive,English
2,Mn,pigeon,notNaive,English
1,Mn,paprika,notNaive,English
3,Mn,pineapple,notNaive,English
1,Mn,wasp,notNaive,English
2,Mn,orange,notNaive,English
4,Mn,melon,notNaive,English
2,Mn,pear,notNaive,English
1,Mn,strawberry,notNaive,English
1,Mn,spider,notNaive,English
3,Mn,monkey,notNaive,English
4,Mn,fox,notNaive,English
1,Mn,clove,notNaive,English
1,Mn,blackberry,notNaive,English
5,Mn,crocodile,notNaive,English
1,Mn,grape,notNaive,English
3,Mn,snake,notNaive,English
3,Mn,vulture,notNaive,English
1,Mn,mustard,notNaive,English
1,Mn,olive,notNaive,English
1,Mn,bee,notNaive,English
1,Mn,walnut,notNaive,English
2,Mn,mole,notNaive,English
3,Mn,stork,notNaive,English
1,Mn,gherkin,notNaive,English
3,Mn,gull,notNaive,English
2,Mn,cat,notNaive,English
1,Mn,tomato,notNaive,English
2,Mn,woodpecker,notNaive,English
2,Mn,asparagus,notNaive,English
2,Mn,radish,notNaive,English
1,Mn,frog,notNaive,English
1,Mn,lemon,notNaive,English
1,Mn,broccoli,notNaive,English
2,Mn,apple,notNaive,English
1,Mn,mushroom,notNaive,English
1,Mn,peanut,notNaive,English
3,Mn,badger,notNaive,English
1,Mn,almond,notNaive,English
5,Mn,camel,notNaive,English
2,Mn,chicken,notNaive,English
3,Mn,magpie,notNaive,English
3,Mn,owl,notNaive,English
1,Mn,ant,notNaive,English
2,Mn,eggplant,notNaive,English
5,Mn,dolphin,notNaive,English
6,Mn,shark,notNaive,English
2,Mn,lettuce,notNaive,English
4,Mn,eagle,notNaive,English
3,Mn,goose,notNaive,English
2,Mn,banana,notNaive,English
2,Mn,kiwi,notNaive,English
2,Mn,avocado,notNaive,English
3,Mn,tortoise,notNaive,English
4,Mn,dog,notNaive,English
3,Mn,hedgehog,notNaive,English
7,Mn,whale,notNaive,English
5,Mn,moose,notNaive,English
3,Mn,squid,notNaive,English
2,Toi,spider,notNaive,notEnglish
5,Toi,melon,notNaive,notEnglish
4,Toi,banana,notNaive,notEnglish
4,Toi,badger,notNaive,notEnglish
4,Toi,butterfly,notNaive,notEnglish
3,Toi,pigeon,notNaive,notEnglish
4,Toi,grape,notNaive,notEnglish
4,Toi,broccoli,notNaive,notEnglish
3,Toi,woodpecker,notNaive,notEnglish
3,Toi,squid,notNaive,notEnglish
5,Toi,swan,notNaive,notEnglish
2,Toi,mushroom,notNaive,notEnglish
2,Toi,asparagus,notNaive,notEnglish
4,Toi,goose,notNaive,notEnglish
3,Toi,vulture,notNaive,notEnglish
3,Toi,bunny,notNaive,notEnglish
6,Toi,lion,notNaive,notEnglish
4,Toi,leek,notNaive,notEnglish
3,Toi,mole,notNaive,notEnglish
3,Toi,beetroot,notNaive,notEnglish
3,Toi,frog,notNaive,notEnglish
6,Toi,moose,notNaive,notEnglish
5,Toi,stork,notNaive,notEnglish
3,Toi,hedgehog,notNaive,notEnglish
6,Toi,shark,notNaive,notEnglish
3,Toi,pear,notNaive,notEnglish
3,Toi,radish,notNaive,notEnglish
6,Toi,horse,notNaive,notEnglish
3,Toi,owl,notNaive,notEnglish
2,Toi,apricot,notNaive,notEnglish
3,Toi,snake,notNaive,notEnglish
2,Toi,bee,notNaive,notEnglish
1,Toi,blueberry,notNaive,notEnglish
6,Toi,camel,notNaive,notEnglish
3,Toi,cucumber,notNaive,notEnglish
4,Toi,chicken,notNaive,notEnglish
5,Toi,crocodile,notNaive,notEnglish
3,Toi,potato,notNaive,notEnglish
2,Toi,peanut,notNaive,notEnglish
7,Toi,whale,notNaive,notEnglish
4,Toi,monkey,notNaive,notEnglish
3,Toi,beaver,notNaive,notEnglish
3,Toi,orange,notNaive,notEnglish
3,Toi,bat,notNaive,notEnglish
1,Toi,ant,notNaive,notEnglish
6,Toi,dolphin,notNaive,notEnglish
7,Toi,elephant,notNaive,notEnglish
5,Toi,pig,notNaive,notEnglish
3,Toi,magpie,notNaive,notEnglish
1,Toi,mustard,notNaive,notEnglish
6,Toi,reindeer,notNaive,notEnglish
2,Toi,wasp,notNaive,notEnglish
2,Toi,mouse,notNaive,notEnglish
2,Toi,olive,notNaive,notEnglish
5,Toi,sheep,notNaive,notEnglish
3,Toi,paprika,notNaive,notEnglish
3,Toi,avocado,notNaive,notEnglish
6,Toi,donkey,notNaive,notEnglish
3,Toi,eggplant,notNaive,notEnglish
3,Toi,carrot,notNaive,notEnglish
4,Toi,cat,notNaive,notEnglish
4,Toi,dog,notNaive,notEnglish
2,Toi,almond,notNaive,notEnglish
3,Toi,apple,notNaive,notEnglish
4,Toi,lettuce,notNaive,notEnglish
2,Toi,strawberry,notNaive,notEnglish
3,Toi,lemon,notNaive,notEnglish
2,Toi,walnut,notNaive,notEnglish
1,Toi,blackberry,notNaive,notEnglish
3,Toi,gull,notNaive,notEnglish
2,Toi,clove,notNaive,notEnglish
2,Toi,gherkin,notNaive,notEnglish
4,Toi,fox,notNaive,notEnglish
5,Toi,pineapple,notNaive,notEnglish
2,Toi,cherry,notNaive,notEnglish
3,Toi,tomato,notNaive,notEnglish
5,Toi,goat,notNaive,notEnglish
4,Toi,eagle,notNaive,notEnglish
3,Toi,tortoise,notNaive,notEnglish
3,Toi,kiwi,notNaive,notEnglish
2,Toi,squirrel,notNaive,notEnglish
5,Te,squid,notNaive,English
2,Te,pear,notNaive,English
2,Te,asparagus,notNaive,English
3,Te,leek,notNaive,English
5,Te,donkey,notNaive,English
2,Te,pigeon,notNaive,English
5,Te,eagle,notNaive,English
2,Te,squirrel,notNaive,English
1,Te,woodpecker,notNaive,English
2,Te,bunny,notNaive,English
3,Te,fox,notNaive,English
3,Te,sheep,notNaive,English
5,Te,shark,notNaive,English
2,Te,badger,notNaive,English
4,Te,moose,notNaive,English
1,Te,radish,notNaive,English
1,Te,cherry,notNaive,English
2,Te,tortoise,notNaive,English
1,Te,mouse,notNaive,English
2,Te,pineapple,notNaive,English
7,Te,whale,notNaive,English
1,Te,ant,notNaive,English
1,Te,wasp,notNaive,English
5,Te,goose,notNaive,English
2,Te,orange,notNaive,English
1,Te,paprika,notNaive,English
1,Te,blueberry,notNaive,English
2,Te,eggplant,notNaive,English
3,Te,chicken,notNaive,English
4,Te,gull,notNaive,English
1,Te,butterfly,notNaive,English
4,Te,goat,notNaive,English
1,Te,lemon,notNaive,English
1,Te,walnut,notNaive,English
4,Te,snake,notNaive,English
3,Te,pig,notNaive,English
4,Te,crocodile,notNaive,English
2,Te,melon,notNaive,English
3,Te,owl,notNaive,English
3,Te,lettuce,notNaive,English
4,Te,horse,notNaive,English
2,Te,frog,notNaive,English
1,Te,carrot,notNaive,English
1,Te,hedgehog,notNaive,English
6,Te,camel,notNaive,English
1,Te,kiwi,notNaive,English
1,Te,gherkin,notNaive,English
1,Te,olive,notNaive,English
2,Te,beetroot,notNaive,English
1,Te,almond,notNaive,English
1,Te,grape,notNaive,English
1,Te,broccoli,notNaive,English
1,Te,peanut,notNaive,English
1,Te,bee,notNaive,English
4,Te,swan,notNaive,English
1,Te,strawberry,notNaive,English
2,Te,potato,notNaive,English
2,Te,cucumber,notNaive,English
6,Te,dolphin,notNaive,English
2,Te,cat,notNaive,English
1,Te,apricot,notNaive,English
1,Te,spider,notNaive,English
3,Te,dog,notNaive,English
1,Te,mustard,notNaive,English
2,Te,mole,notNaive,English
2,Te,apple,notNaive,English
1,Te,blackberry,notNaive,English
3,Te,beaver,notNaive,English
2,Te,tomato,notNaive,English
5,Te,vulture,notNaive,English
6,Te,reindeer,notNaive,English
1,Te,clove,notNaive,English
2,Te,banana,notNaive,English
2,Te,magpie,notNaive,English
2,Te,bat,notNaive,English
7,Te,elephant,notNaive,English
1,Te,avocado,notNaive,English
3,Te,monkey,notNaive,English
4,Te,lion,notNaive,English
4,Te,stork,notNaive,English
1,Te,mushroom,notNaive,English
3,JH,frog,notNaive,notEnglish
2,JH,beetroot,notNaive,notEnglish
5,JH,leek,notNaive,notEnglish
5,JH,owl,notNaive,notEnglish
1,JH,peanut,notNaive,notEnglish
1,JH,walnut,notNaive,notEnglish
3,JH,apple,notNaive,notEnglish
2,JH,spider,notNaive,notEnglish
5,JH,swan,notNaive,notEnglish
2,JH,butterfly,notNaive,notEnglish
4,JH,goat,notNaive,notEnglish
4,JH,fox,notNaive,notEnglish
3,JH,melon,notNaive,notEnglish
6,JH,donkey,notNaive,notEnglish
2,JH,asparagus,notNaive,notEnglish
4,JH,pigeon,notNaive,notEnglish
3,JH,bunny,notNaive,notEnglish
1,JH,clove,notNaive,notEnglish
1,JH,paprika,notNaive,notEnglish
1,JH,olive,notNaive,notEnglish
6,JH,horse,notNaive,notEnglish
2,JH,pineapple,notNaive,notEnglish
6,JH,moose,notNaive,notEnglish
3,JH,banana,notNaive,notEnglish
1,JH,lemon,notNaive,notEnglish
7,JH,lion,notNaive,notEnglish
6,JH,pig,notNaive,notEnglish
3,JH,grape,notNaive,notEnglish
2,JH,pear,notNaive,notEnglish
1,JH,mustard,notNaive,notEnglish
1,JH,ant,notNaive,notEnglish
1,JH,wasp,notNaive,notEnglish
4,JH,sheep,notNaive,notEnglish
4,JH,woodpecker,notNaive,notEnglish
3,JH,orange,notNaive,notEnglish
6,JH,vulture,notNaive,notEnglish
1,JH,strawberry,notNaive,notEnglish
3,JH,dog,notNaive,notEnglish
3,JH,chicken,notNaive,notEnglish
2,JH,mushroom,notNaive,notEnglish
5,JH,monkey,notNaive,notEnglish
2,JH,tomato,notNaive,notEnglish
4,JH,mole,notNaive,notEnglish
4,JH,badger,notNaive,notEnglish
3,JH,potato,notNaive,notEnglish
3,JH,snake,notNaive,notEnglish
5,JH,camel,notNaive,notEnglish
1,JH,radish,notNaive,notEnglish
3,JH,magpie,notNaive,notEnglish
1,JH,mouse,notNaive,notEnglish
5,JH,gull,notNaive,notEnglish
6,JH,crocodile,notNaive,notEnglish
1,JH,bee,notNaive,notEnglish
1,JH,almond,notNaive,notEnglish
3,JH,broccoli,notNaive,notEnglish
3,JH,carrot,notNaive,notEnglish
2,JH,gherkin,notNaive,notEnglish
5,JH,shark,notNaive,notEnglish
3,JH,avocado,notNaive,notEnglish
1,JH,blueberry,notNaive,notEnglish
5,JH,dolphin,notNaive,notEnglish
3,JH,cat,notNaive,notEnglish
4,JH,beaver,notNaive,notEnglish
7,JH,elephant,notNaive,notEnglish
2,JH,apricot,notNaive,notEnglish
4,JH,tortoise,notNaive,notEnglish
4,JH,goose,notNaive,notEnglish
2,JH,squid,notNaive,notEnglish
5,JH,lettuce,notNaive,notEnglish
4,JH,squirrel,notNaive,notEnglish
1,JH,cherry,notNaive,notEnglish
7,JH,whale,notNaive,notEnglish
5,JH,eagle,notNaive,notEnglish
2,JH,eggplant,notNaive,notEnglish
2,JH,hedgehog,notNaive,notEnglish
2,JH,kiwi,notNaive,notEnglish
2,JH,bat,notNaive,notEnglish
1,JH,blackberry,notNaive,notEnglish
5,JH,stork,notNaive,notEnglish
5,JH,reindeer,notNaive,notEnglish
2,JH,cucumber,notNaive,notEnglish
3,Sa2,goose,notNaive,English
3,Sa2,magpie,notNaive,English
2,Sa2,lemon,notNaive,English
4,Sa2,snake,notNaive,English
1,Sa2,olive,notNaive,English
4,Sa2,tortoise,notNaive,English
4,Sa2,gherkin,notNaive,English
5,Sa2,dolphin,notNaive,English
4,Sa2,chicken,notNaive,English
5,Sa2,sheep,notNaive,English
4,Sa2,eggplant,notNaive,English
1,Sa2,ant,notNaive,English
5,Sa2,carrot,notNaive,English
4,Sa2,pigeon,notNaive,English
1,Sa2,paprika,notNaive,English
1,Sa2,spider,notNaive,English
4,Sa2,owl,notNaive,English
6,Sa2,shark,notNaive,English
1,Sa2,blackberry,notNaive,English
6,Sa2,reindeer,notNaive,English
3,Sa2,bat,notNaive,English
5,Sa2,fox,notNaive,English
2,Sa2,tomato,notNaive,English
1,Sa2,walnut,notNaive,English
3,Sa2,mouse,notNaive,English
4,Sa2,asparagus,notNaive,English
3,Sa2,kiwi,notNaive,English
2,Sa2,mushroom,notNaive,English
1,Sa2,peanut,notNaive,English
3,Sa2,bunny,notNaive,English
3,Sa2,mole,notNaive,English
3,Sa2,pineapple,notNaive,English
2,Sa2,bee,notNaive,English
4,Sa2,gull,notNaive,English
5,Sa2,cucumber,notNaive,English
1,Sa2,clove,notNaive,English
2,Sa2,butterfly,notNaive,English
4,Sa2,squirrel,notNaive,English
5,Sa2,goat,notNaive,English
4,Sa2,eagle,notNaive,English
6,Sa2,horse,notNaive,English
3,Sa2,radish,notNaive,English
3,Sa2,frog,notNaive,English
7,Sa2,camel,notNaive,English
3,Sa2,pear,notNaive,English
3,Sa2,badger,notNaive,English
4,Sa2,monkey,notNaive,English
2,Sa2,orange,notNaive,English
1,Sa2,mustard,notNaive,English
1,Sa2,cherry,notNaive,English
7,Sa2,whale,notNaive,English
4,Sa2,leek,notNaive,English
1,Sa2,wasp,notNaive,English
4,Sa2,cat,notNaive,English
5,Sa2,vulture,notNaive,English
3,Sa2,apple,notNaive,English
4,Sa2,banana,notNaive,English
3,Sa2,avocado,notNaive,English
5,Sa2,dog,notNaive,English
3,Sa2,beetroot,notNaive,English
1,Sa2,almond,notNaive,English
2,Sa2,hedgehog,notNaive,English
4,Sa2,swan,notNaive,English
1,Sa2,blueberry,notNaive,English
6,Sa2,crocodile,notNaive,English
7,Sa2,moose,notNaive,English
3,Sa2,broccoli,notNaive,English
5,Sa2,pig,notNaive,English
3,Sa2,stork,notNaive,English
2,Sa2,apricot,notNaive,English
5,Sa2,donkey,notNaive,English
1,Sa2,grape,notNaive,English
4,Sa2,melon,notNaive,English
6,Sa2,lion,notNaive,English
7,Sa2,elephant,notNaive,English
3,Sa2,beaver,notNaive,English
3,Sa2,woodpecker,notNaive,English
2,Sa2,potato,notNaive,English
5,Sa2,lettuce,notNaive,English
1,Sa2,strawberry,notNaive,English
2,Sa2,squid,notNaive,English
2,Il,spider,notNaive,notEnglish
3,Il,melon,notNaive,notEnglish
3,Il,banana,notNaive,notEnglish
4,Il,badger,notNaive,notEnglish
2,Il,butterfly,notNaive,notEnglish
3,Il,pigeon,notNaive,notEnglish
1,Il,grape,notNaive,notEnglish
2,Il,broccoli,notNaive,notEnglish
3,Il,woodpecker,notNaive,notEnglish
3,Il,squid,notNaive,notEnglish
4,Il,swan,notNaive,notEnglish
2,Il,mushroom,notNaive,notEnglish
3,Il,asparagus,notNaive,notEnglish
4,Il,goose,notNaive,notEnglish
4,Il,vulture,notNaive,notEnglish
4,Il,bunny,notNaive,notEnglish
5,Il,lion,notNaive,notEnglish
3,Il,leek,notNaive,notEnglish
4,Il,mole,notNaive,notEnglish
3,Il,beetroot,notNaive,notEnglish
2,Il,frog,notNaive,notEnglish
6,Il,moose,notNaive,notEnglish
4,Il,stork,notNaive,notEnglish
3,Il,hedgehog,notNaive,notEnglish
5,Il,shark,notNaive,notEnglish
2,Il,pear,notNaive,notEnglish
2,Il,radish,notNaive,notEnglish
6,Il,horse,notNaive,notEnglish
3,Il,owl,notNaive,notEnglish
2,Il,apricot,notNaive,notEnglish
3,Il,snake,notNaive,notEnglish
1,Il,bee,notNaive,notEnglish
1,Il,blueberry,notNaive,notEnglish
6,Il,camel,notNaive,notEnglish
2,Il,cucumber,notNaive,notEnglish
3,Il,chicken,notNaive,notEnglish
5,Il,crocodile,notNaive,notEnglish
2,Il,potato,notNaive,notEnglish
1,Il,peanut,notNaive,notEnglish
7,Il,whale,notNaive,notEnglish
4,Il,monkey,notNaive,notEnglish
4,Il,beaver,notNaive,notEnglish
2,Il,orange,notNaive,notEnglish
3,Il,bat,notNaive,notEnglish
1,Il,ant,notNaive,notEnglish
5,Il,dolphin,notNaive,notEnglish
6,Il,elephant,notNaive,notEnglish
5,Il,pig,notNaive,notEnglish
3,Il,magpie,notNaive,notEnglish
2,Il,mustard,notNaive,notEnglish
6,Il,reindeer,notNaive,notEnglish
1,Il,wasp,notNaive,notEnglish
2,Il,mouse,notNaive,notEnglish
1,Il,olive,notNaive,notEnglish
4,Il,sheep,notNaive,notEnglish
2,Il,paprika,notNaive,notEnglish
2,Il,avocado,notNaive,notEnglish
5,Il,donkey,notNaive,notEnglish
2,Il,eggplant,notNaive,notEnglish
2,Il,carrot,notNaive,notEnglish
3,Il,cat,notNaive,notEnglish
4,Il,dog,notNaive,notEnglish
1,Il,almond,notNaive,notEnglish
2,Il,apple,notNaive,notEnglish
3,Il,lettuce,notNaive,notEnglish
1,Il,strawberry,notNaive,notEnglish
2,Il,lemon,notNaive,notEnglish
2,Il,walnut,notNaive,notEnglish
1,Il,blackberry,notNaive,notEnglish
3,Il,gull,notNaive,notEnglish
1,Il,clove,notNaive,notEnglish
2,Il,gherkin,notNaive,notEnglish
4,Il,fox,notNaive,notEnglish
3,Il,pineapple,notNaive,notEnglish
1,Il,cherry,notNaive,notEnglish
2,Il,tomato,notNaive,notEnglish
4,Il,goat,notNaive,notEnglish
4,Il,eagle,notNaive,notEnglish
5,Il,tortoise,notNaive,notEnglish
3,Il,kiwi,notNaive,notEnglish
2,Il,squirrel,notNaive,notEnglish
4,Ab,goose,notNaive,English
3,Ab,magpie,notNaive,English
2,Ab,lemon,notNaive,English
3,Ab,snake,notNaive,English
1,Ab,olive,notNaive,English
3,Ab,tortoise,notNaive,English
2,Ab,gherkin,notNaive,English
6,Ab,dolphin,notNaive,English
3,Ab,chicken,notNaive,English
4,Ab,sheep,notNaive,English
2,Ab,eggplant,notNaive,English
1,Ab,ant,notNaive,English
2,Ab,carrot,notNaive,English
3,Ab,pigeon,notNaive,English
1,Ab,paprika,notNaive,English
1,Ab,spider,notNaive,English
3,Ab,owl,notNaive,English
6,Ab,shark,notNaive,English
1,Ab,blackberry,notNaive,English
6,Ab,reindeer,notNaive,English
2,Ab,bat,notNaive,English
4,Ab,fox,notNaive,English
2,Ab,tomato,notNaive,English
1,Ab,walnut,notNaive,English
2,Ab,mouse,notNaive,English
2,Ab,asparagus,notNaive,English
2,Ab,kiwi,notNaive,English
2,Ab,mushroom,notNaive,English
1,Ab,peanut,notNaive,English
3,Ab,bunny,notNaive,English
3,Ab,mole,notNaive,English
3,Ab,pineapple,notNaive,English
1,Ab,bee,notNaive,English
3,Ab,gull,notNaive,English
2,Ab,cucumber,notNaive,English
1,Ab,clove,notNaive,English
1,Ab,butterfly,notNaive,English
3,Ab,squirrel,notNaive,English
5,Ab,goat,notNaive,English
4,Ab,eagle,notNaive,English
6,Ab,horse,notNaive,English
2,Ab,radish,notNaive,English
2,Ab,frog,notNaive,English
6,Ab,camel,notNaive,English
2,Ab,pear,notNaive,English
4,Ab,badger,notNaive,English
5,Ab,monkey,notNaive,English
2,Ab,orange,notNaive,English
1,Ab,mustard,notNaive,English
1,Ab,cherry,notNaive,English
7,Ab,whale,notNaive,English
2,Ab,leek,notNaive,English
1,Ab,wasp,notNaive,English
4,Ab,cat,notNaive,English
5,Ab,vulture,notNaive,English
2,Ab,apple,notNaive,English
2,Ab,banana,notNaive,English
2,Ab,avocado,notNaive,English
5,Ab,dog,notNaive,English
2,Ab,beetroot,notNaive,English
1,Ab,almond,notNaive,English
2,Ab,hedgehog,notNaive,English
4,Ab,swan,notNaive,English
1,Ab,blueberry,notNaive,English
6,Ab,crocodile,notNaive,English
6,Ab,moose,notNaive,English
2,Ab,broccoli,notNaive,English
5,Ab,pig,notNaive,English
5,Ab,stork,notNaive,English
1,Ab,apricot,notNaive,English
6,Ab,donkey,notNaive,English
1,Ab,grape,notNaive,English
3,Ab,melon,notNaive,English
6,Ab,lion,notNaive,English
7,Ab,elephant,notNaive,English
4,Ab,beaver,notNaive,English
3,Ab,woodpecker,notNaive,English
2,Ab,potato,notNaive,English
3,Ab,lettuce,notNaive,English
1,Ab,strawberry,notNaive,English
5,Ab,squid,notNaive,English
3,Ph,donkey,notNaive,notEnglish
2,Ph,goose,notNaive,notEnglish
2,Ph,owl,notNaive,notEnglish
3,Ph,hedgehog,notNaive,notEnglish
2,Ph,vulture,notNaive,notEnglish
1,Ph,olive,notNaive,notEnglish
1,Ph,carrot,notNaive,notEnglish
1,Ph,kiwi,notNaive,notEnglish
1,Ph,blackberry,notNaive,notEnglish
1,Ph,blueberry,notNaive,notEnglish
3,Ph,dolphin,notNaive,notEnglish
1,Ph,melon,notNaive,notEnglish
2,Ph,gull,notNaive,notEnglish
1,Ph,squid,notNaive,notEnglish
1,Ph,tomato,notNaive,notEnglish
1,Ph,mushroom,notNaive,notEnglish
2,Ph,dog,notNaive,notEnglish
4,Ph,shark,notNaive,notEnglish
6,Ph,elephant,notNaive,notEnglish
1,Ph,orange,notNaive,notEnglish
2,Ph,leek,notNaive,notEnglish
4,Ph,lion,notNaive,notEnglish
5,Ph,crocodile,notNaive,notEnglish
4,Ph,pig,notNaive,notEnglish
2,Ph,pineapple,notNaive,notEnglish
2,Ph,swan,notNaive,notEnglish
1,Ph,apricot,notNaive,notEnglish
1,Ph,frog,notNaive,notEnglish
2,Ph,lettuce,notNaive,notEnglish
1,Ph,ant,notNaive,notEnglish
1,Ph,cherry,notNaive,notEnglish
1,Ph,clove,notNaive,notEnglish
1,Ph,wasp,notNaive,notEnglish
1,Ph,avocado,notNaive,notEnglish
2,Ph,squirrel,notNaive,notEnglish
1,Ph,bat,notNaive,notEnglish
1,Ph,radish,notNaive,notEnglish
1,Ph,butterfly,notNaive,notEnglish
1,Ph,paprika,notNaive,notEnglish
3,Ph,sheep,notNaive,notEnglish
2,Ph,cat,notNaive,notEnglish
4,Ph,reindeer,notNaive,notEnglish
1,Ph,cucumber,notNaive,notEnglish
2,Ph,bunny,notNaive,notEnglish
3,Ph,snake,notNaive,notEnglish
2,Ph,beetroot,notNaive,notEnglish
2,Ph,moose,notNaive,notEnglish
7,Ph,whale,notNaive,notEnglish
1,Ph,pear,notNaive,notEnglish
1,Ph,mole,notNaive,notEnglish
4,Ph,monkey,notNaive,notEnglish
1,Ph,gherkin,notNaive,notEnglish
1,Ph,peanut,notNaive,notEnglish
2,Ph,badger,notNaive,notEnglish
1,Ph,potato,notNaive,notEnglish
1,Ph,bee,notNaive,notEnglish
5,Ph,camel,notNaive,notEnglish
1,Ph,walnut,notNaive,notEnglish
1,Ph,mouse,notNaive,notEnglish
2,Ph,eggplant,notNaive,notEnglish
3,Ph,tortoise,notNaive,notEnglish
2,Ph,woodpecker,notNaive,notEnglish
2,Ph,fox,notNaive,notEnglish
2,Ph,magpie,notNaive,notEnglish
1,Ph,banana,notNaive,notEnglish
1,Ph,grape,notNaive,notEnglish
1,Ph,almond,notNaive,notEnglish
1,Ph,lemon,notNaive,notEnglish
1,Ph,strawberry,notNaive,notEnglish
4,Ph,goat,notNaive,notEnglish
5,Ph,horse,notNaive,notEnglish
2,Ph,broccoli,notNaive,notEnglish
1,Ph,asparagus,notNaive,notEnglish
1,Ph,apple,notNaive,notEnglish
3,Ph,eagle,notNaive,notEnglish
2,Ph,pigeon,notNaive,notEnglish
2,Ph,chicken,notNaive,notEnglish
1,Ph,spider,notNaive,notEnglish
1,Ph,mustard,notNaive,notEnglish
3,Ph,stork,notNaive,notEnglish
3,Ph,beaver,notNaive,notEnglish
4,CE,dog,notNaive,English
2,CE,walnut,notNaive,English
3,CE,goose,notNaive,English
3,CE,pineapple,notNaive,English
3,CE,kiwi,notNaive,English
2,CE,strawberry,notNaive,English
3,CE,woodpecker,notNaive,English
2,CE,paprika,notNaive,English
1,CE,peanut,notNaive,English
2,CE,apricot,notNaive,English
2,CE,broccoli,notNaive,English
2,CE,gherkin,notNaive,English
7,CE,lion,notNaive,English
7,CE,reindeer,notNaive,English
2,CE,eggplant,notNaive,English
5,CE,swan,notNaive,English
2,CE,radish,notNaive,English
3,CE,frog,notNaive,English
7,CE,shark,notNaive,English
4,CE,badger,notNaive,English
6,CE,moose,notNaive,English
7,CE,elephant,notNaive,English
3,CE,snake,notNaive,English
2,CE,olive,notNaive,English
2,CE,potato,notNaive,English
2,CE,pear,notNaive,English
6,CE,horse,notNaive,English
3,CE,owl,notNaive,English
1,CE,wasp,notNaive,English
6,CE,donkey,notNaive,English
2,CE,avocado,notNaive,English
1,CE,almond,notNaive,English
7,CE,whale,notNaive,English
1,CE,blackberry,notNaive,English
2,CE,banana,notNaive,English
4,CE,eagle,notNaive,English
2,CE,bat,notNaive,English
1,CE,spider,notNaive,English
3,CE,pigeon,notNaive,English
2,CE,cucumber,notNaive,English
3,CE,hedgehog,notNaive,English
2,CE,leek,notNaive,English
3,CE,mole,notNaive,English
4,CE,beaver,notNaive,English
2,CE,lemon,notNaive,English
3,CE,bunny,notNaive,English
2,CE,apple,notNaive,English
1,CE,ant,notNaive,English
1,CE,cherry,notNaive,English
3,CE,chicken,notNaive,English
2,CE,mouse,notNaive,English
1,CE,bee,notNaive,English
2,CE,carrot,notNaive,English
4,CE,pig,notNaive,English
2,CE,lettuce,notNaive,English
4,CE,goat,notNaive,English
3,CE,squirrel,notNaive,English
2,CE,tomato,notNaive,English
1,CE,grape,notNaive,English
5,CE,dolphin,notNaive,English
2,CE,mustard,notNaive,English
2,CE,magpie,notNaive,English
4,CE,sheep,notNaive,English
4,CE,fox,notNaive,English
1,CE,mushroom,notNaive,English
3,CE,monkey,notNaive,English
2,CE,orange,notNaive,English
4,CE,squid,notNaive,English
4,CE,gull,notNaive,English
5,CE,vulture,notNaive,English
3,CE,cat,notNaive,English
1,CE,butterfly,notNaive,English
3,CE,stork,notNaive,English
2,CE,asparagus,notNaive,English
3,CE,tortoise,notNaive,English
2,CE,beetroot,notNaive,English
6,CE,crocodile,notNaive,English
1,CE,clove,notNaive,English
3,CE,melon,notNaive,English
7,CE,camel,notNaive,English
1,CE,blueberry,notNaive,English
3,A,squid,notNaive,English
2,A,pear,notNaive,English
2,A,asparagus,notNaive,English
2,A,leek,notNaive,English
5,A,donkey,notNaive,English
3,A,pigeon,notNaive,English
3,A,eagle,notNaive,English
3,A,squirrel,notNaive,English
3,A,woodpecker,notNaive,English
3,A,bunny,notNaive,English
4,A,fox,notNaive,English
4,A,sheep,notNaive,English
6,A,shark,notNaive,English
3,A,badger,notNaive,English
6,A,moose,notNaive,English
2,A,radish,notNaive,English
1,A,cherry,notNaive,English
3,A,tortoise,notNaive,English
2,A,mouse,notNaive,English
3,A,pineapple,notNaive,English
7,A,whale,notNaive,English
1,A,ant,notNaive,English
1,A,wasp,notNaive,English
3,A,goose,notNaive,English
2,A,orange,notNaive,English
1,A,paprika,notNaive,English
1,A,blueberry,notNaive,English
2,A,eggplant,notNaive,English
3,A,chicken,notNaive,English
3,A,gull,notNaive,English
2,A,butterfly,notNaive,English
4,A,goat,notNaive,English
2,A,lemon,notNaive,English
1,A,walnut,notNaive,English
3,A,snake,notNaive,English
4,A,pig,notNaive,English
6,A,crocodile,notNaive,English
3,A,melon,notNaive,English
3,A,owl,notNaive,English
2,A,lettuce,notNaive,English
6,A,horse,notNaive,English
2,A,frog,notNaive,English
2,A,carrot,notNaive,English
2,A,hedgehog,notNaive,English
5,A,camel,notNaive,English
3,A,kiwi,notNaive,English
2,A,gherkin,notNaive,English
1,A,olive,notNaive,English
2,A,beetroot,notNaive,English
1,A,almond,notNaive,English
1,A,grape,notNaive,English
2,A,broccoli,notNaive,English
1,A,peanut,notNaive,English
1,A,bee,notNaive,English
3,A,swan,notNaive,English
1,A,strawberry,notNaive,English
2,A,potato,notNaive,English
2,A,cucumber,notNaive,English
5,A,dolphin,notNaive,English
3,A,cat,notNaive,English
2,A,apricot,notNaive,English
1,A,spider,notNaive,English
4,A,dog,notNaive,English
1,A,mustard,notNaive,English
3,A,mole,notNaive,English
2,A,apple,notNaive,English
1,A,blackberry,notNaive,English
3,A,beaver,notNaive,English
2,A,tomato,notNaive,English
3,A,vulture,notNaive,English
5,A,reindeer,notNaive,English
1,A,clove,notNaive,English
2,A,banana,notNaive,English
3,A,magpie,notNaive,English
3,A,bat,notNaive,English
6,A,elephant,notNaive,English
2,A,avocado,notNaive,English
4,A,monkey,notNaive,English
5,A,lion,notNaive,English
3,A,stork,notNaive,English
2,A,mushroom,notNaive,English
3,Ro,squid,notNaive,English
2,Ro,pear,notNaive,English
2,Ro,asparagus,notNaive,English
2,Ro,leek,notNaive,English
4,Ro,donkey,notNaive,English
2,Ro,pigeon,notNaive,English
2,Ro,eagle,notNaive,English
2,Ro,squirrel,notNaive,English
2,Ro,woodpecker,notNaive,English
2,Ro,bunny,notNaive,English
2,Ro,fox,notNaive,English
2,Ro,sheep,notNaive,English
4,Ro,shark,notNaive,English
3,Ro,badger,notNaive,English
5,Ro,moose,notNaive,English
1,Ro,radish,notNaive,English
1,Ro,cherry,notNaive,English
3,Ro,tortoise,notNaive,English
5,Ro,mouse,notNaive,English
2,Ro,pineapple,notNaive,English
7,Ro,whale,notNaive,English
1,Ro,ant,notNaive,English
1,Ro,wasp,notNaive,English
3,Ro,goose,notNaive,English
2,Ro,orange,notNaive,English
1,Ro,paprika,notNaive,English
1,Ro,blueberry,notNaive,English
3,Ro,eggplant,notNaive,English
2,Ro,chicken,notNaive,English
2,Ro,gull,notNaive,English
1,Ro,butterfly,notNaive,English
5,Ro,goat,notNaive,English
1,Ro,lemon,notNaive,English
1,Ro,walnut,notNaive,English
3,Ro,snake,notNaive,English
3,Ro,pig,notNaive,English
4,Ro,crocodile,notNaive,English
2,Ro,melon,notNaive,English
2,Ro,owl,notNaive,English
2,Ro,lettuce,notNaive,English
5,Ro,horse,notNaive,English
1,Ro,frog,notNaive,English
1,Ro,carrot,notNaive,English
2,Ro,hedgehog,notNaive,English
4,Ro,camel,notNaive,English
2,Ro,kiwi,notNaive,English
1,Ro,gherkin,notNaive,English
1,Ro,olive,notNaive,English
1,Ro,beetroot,notNaive,English
1,Ro,almond,notNaive,English
1,Ro,grape,notNaive,English
2,Ro,broccoli,notNaive,English
1,Ro,peanut,notNaive,English
1,Ro,bee,notNaive,English
3,Ro,swan,notNaive,English
1,Ro,strawberry,notNaive,English
1,Ro,potato,notNaive,English
1,Ro,cucumber,notNaive,English
4,Ro,dolphin,notNaive,English
2,Ro,cat,notNaive,English
1,Ro,apricot,notNaive,English
1,Ro,spider,notNaive,English
3,Ro,dog,notNaive,English
1,Ro,mustard,notNaive,English
2,Ro,mole,notNaive,English
1,Ro,apple,notNaive,English
1,Ro,blackberry,notNaive,English
2,Ro,beaver,notNaive,English
2,Ro,tomato,notNaive,English
2,Ro,vulture,notNaive,English
4,Ro,reindeer,notNaive,English
1,Ro,clove,notNaive,English
1,Ro,banana,notNaive,English
1,Ro,magpie,notNaive,English
1,Ro,bat,notNaive,English
5,Ro,elephant,notNaive,English
1,Ro,avocado,notNaive,English
4,Ro,monkey,notNaive,English
5,Ro,lion,notNaive,English
3,Ro,stork,notNaive,English
2,Ro,mushroom,notNaive,English
5,K,pig,notNaive,English
2,K,melon,notNaive,English
6,K,lion,notNaive,English
1,K,peanut,notNaive,English
2,K,avocado,notNaive,English
2,K,hedgehog,notNaive,English
4,K,swan,notNaive,English
3,K,mole,notNaive,English
4,K,vulture,notNaive,English
2,K,pineapple,notNaive,English
1,K,broccoli,notNaive,English
3,K,kiwi,notNaive,English
1,K,mushroom,notNaive,English
1,K,apricot,notNaive,English
3,K,bunny,notNaive,English
1,K,blackberry,notNaive,English
3,K,snake,notNaive,English
6,K,moose,notNaive,English
5,K,fox,notNaive,English
1,K,wasp,notNaive,English
2,K,pigeon,notNaive,English
5,K,goat,notNaive,English
1,K,lemon,notNaive,English
4,K,stork,notNaive,English
1,K,grape,notNaive,English
1,K,blueberry,notNaive,English
2,K,leek,notNaive,English
1,K,clove,notNaive,English
4,K,eagle,notNaive,English
1,K,tomato,notNaive,English
3,K,squirrel,notNaive,English
1,K,paprika,notNaive,English
3,K,gull,notNaive,English
7,K,elephant,notNaive,English
2,K,bat,notNaive,English
5,K,dog,notNaive,English
1,K,cherry,notNaive,English
6,K,horse,notNaive,English
4,K,cat,notNaive,English
2,K,lettuce,notNaive,English
2,K,banana,notNaive,English
7,K,whale,notNaive,English
2,K,potato,notNaive,English
3,K,woodpecker,notNaive,English
5,K,dolphin,notNaive,English
2,K,carrot,notNaive,English
5,K,sheep,notNaive,English
1,K,bee,notNaive,English
3,K,goose,notNaive,English
2,K,apple,notNaive,English
1,K,ant,notNaive,English
1,K,olive,notNaive,English
1,K,mustard,notNaive,English
1,K,almond,notNaive,English
4,K,tortoise,notNaive,English
1,K,mouse,notNaive,English
1,K,spider,notNaive,English
3,K,magpie,notNaive,English
6,K,donkey,notNaive,English
4,K,monkey,notNaive,English
1,K,butterfly,notNaive,English
1,K,strawberry,notNaive,English
2,K,pear,notNaive,English
6,K,camel,notNaive,English
4,K,beaver,notNaive,English
2,K,asparagus,notNaive,English
1,K,frog,notNaive,English
1,K,radish,notNaive,English
1,K,walnut,notNaive,English
7,K,reindeer,notNaive,English
2,K,cucumber,notNaive,English
4,K,badger,notNaive,English
7,K,squid,notNaive,English
2,K,orange,notNaive,English
3,K,eggplant,notNaive,English
3,K,chicken,notNaive,English
6,K,shark,notNaive,English
3,K,owl,notNaive,English
1,K,gherkin,notNaive,English
7,K,crocodile,notNaive,English
2,K,beetroot,notNaive,English
1,Mi,bee,notNaive,English
4,Mi,magpie,notNaive,English
1,Mi,radish,notNaive,English
6,Mi,crocodile,notNaive,English
2,Mi,potato,notNaive,English
1,Mi,wasp,notNaive,English
4,Mi,swan,notNaive,English
2,Mi,gherkin,notNaive,English
5,Mi,dolphin,notNaive,English
7,Mi,whale,notNaive,English
4,Mi,chicken,notNaive,English
4,Mi,cat,notNaive,English
3,Mi,mole,notNaive,English
5,Mi,dog,notNaive,English
2,Mi,mouse,notNaive,English
4,Mi,kiwi,notNaive,English
7,Mi,elephant,notNaive,English
4,Mi,badger,notNaive,English
4,Mi,woodpecker,notNaive,English
1,Mi,blueberry,notNaive,English
5,Mi,donkey,notNaive,English
6,Mi,reindeer,notNaive,English
4,Mi,pigeon,notNaive,English
4,Mi,squid,notNaive,English
6,Mi,lion,notNaive,English
6,Mi,shark,notNaive,English
6,Mi,camel,notNaive,English
3,Mi,asparagus,notNaive,English
3,Mi,banana,notNaive,English
2,Mi,lemon,notNaive,English
3,Mi,cucumber,notNaive,English
4,Mi,goose,notNaive,English
3,Mi,frog,notNaive,English
2,Mi,mushroom,notNaive,English
3,Mi,carrot,notNaive,English
3,Mi,lettuce,notNaive,English
1,Mi,butterfly,notNaive,English
1,Mi,grape,notNaive,English
3,Mi,eggplant,notNaive,English
2,Mi,beetroot,notNaive,English
4,Mi,gull,notNaive,English
2,Mi,apricot,notNaive,English
3,Mi,broccoli,notNaive,English
1,Mi,strawberry,notNaive,English
4,Mi,squirrel,notNaive,English
5,Mi,fox,notNaive,English
4,Mi,owl,notNaive,English
6,Mi,moose,notNaive,English
1,Mi,walnut,notNaive,English
4,Mi,beaver,notNaive,English
1,Mi,almond,notNaive,English
1,Mi,ant,notNaive,English
4,Mi,snake,notNaive,English
1,Mi,paprika,notNaive,English
5,Mi,goat,notNaive,English
4,Mi,hedgehog,notNaive,English
4,Mi,tortoise,notNaive,English
5,Mi,monkey,notNaive,English
1,Mi,peanut,notNaive,English
1,Mi,blackberry,notNaive,English
3,Mi,melon,notNaive,English
4,Mi,stork,notNaive,English
4,Mi,eagle,notNaive,English
4,Mi,vulture,notNaive,English
2,Mi,orange,notNaive,English
5,Mi,sheep,notNaive,English
1,Mi,clove,notNaive,English
1,Mi,cherry,notNaive,English
6,Mi,horse,notNaive,English
2,Mi,apple,notNaive,English
1,Mi,mustard,notNaive,English
4,Mi,bat,notNaive,English
1,Mi,olive,notNaive,English
4,Mi,bunny,notNaive,English
3,Mi,leek,notNaive,English
2,Mi,pear,notNaive,English
5,Mi,pig,notNaive,English
2,Mi,avocado,notNaive,English
1,Mi,spider,notNaive,English
3,Mi,pineapple,notNaive,English
2,Mi,tomato,notNaive,English
3,Ri,strawberry,notNaive,English
4,Ri,lettuce,notNaive,English
2,Ri,olive,notNaive,English
5,Ri,pigeon,notNaive,English
6,Ri,dog,notNaive,English
5,Ri,squirrel,notNaive,English
1,Ri,ant,notNaive,English
4,Ri,pear,notNaive,English
1,Ri,spider,notNaive,English
6,Ri,moose,notNaive,English
3,Ri,melon,notNaive,English
4,Ri,magpie,notNaive,English
6,Ri,reindeer,notNaive,English
5,Ri,kiwi,notNaive,English
2,Ri,grape,notNaive,English
7,Ri,elephant,notNaive,English
6,Ri,dolphin,notNaive,English
6,Ri,crocodile,notNaive,English
5,Ri,shark,notNaive,English
3,Ri,bat,notNaive,English
4,Ri,chicken,notNaive,English
4,Ri,vulture,notNaive,English
4,Ri,snake,notNaive,English
2,Ri,bee,notNaive,English
4,Ri,stork,notNaive,English
3,Ri,beetroot,notNaive,English
3,Ri,eggplant,notNaive,English
2,Ri,walnut,notNaive,English
2,Ri,mushroom,notNaive,English
2,Ri,radish,notNaive,English
3,Ri,pineapple,notNaive,English
2,Ri,tomato,notNaive,English
3,Ri,apple,notNaive,English
3,Ri,banana,notNaive,English
6,Ri,squid,notNaive,English
6,Ri,badger,notNaive,English
4,Ri,eagle,notNaive,English
4,Ri,tortoise,notNaive,English
3,Ri,hedgehog,notNaive,English
4,Ri,goose,notNaive,English
2,Ri,peanut,notNaive,English
6,Ri,horse,notNaive,English
1,Ri,paprika,notNaive,English
2,Ri,lemon,notNaive,English
6,Ri,goat,notNaive,English
3,Ri,apricot,notNaive,English
6,Ri,sheep,notNaive,English
3,Ri,carrot,notNaive,English
3,Ri,broccoli,notNaive,English
5,Ri,swan,notNaive,English
3,Ri,frog,notNaive,English
3,Ri,owl,notNaive,English
6,Ri,beaver,notNaive,English
4,Ri,woodpecker,notNaive,English
3,Ri,mouse,notNaive,English
6,Ri,donkey,notNaive,English
4,Ri,mole,notNaive,English
2,Ri,wasp,notNaive,English
3,Ri,orange,notNaive,English
3,Ri,avocado,notNaive,English
5,Ri,monkey,notNaive,English
3,Ri,potato,notNaive,English
4,Ri,gull,notNaive,English
6,Ri,lion,notNaive,English
2,Ri,almond,notNaive,English
2,Ri,blueberry,notNaive,English
2,Ri,gherkin,notNaive,English
2,Ri,cherry,notNaive,English
2,Ri,blackberry,notNaive,English
2,Ri,butterfly,notNaive,English
1,Ri,mustard,notNaive,English
1,Ri,clove,notNaive,English
3,Ri,cucumber,notNaive,English
5,Ri,fox,notNaive,English
5,Ri,bunny,notNaive,English
6,Ri,pig,notNaive,English
5,Ri,cat,notNaive,English
3,Ri,leek,notNaive,English
7,Ri,whale,notNaive,English
6,Ri,camel,notNaive,English
2,Ri,asparagus,notNaive,English
1,Mir,bee,notNaive,notEnglish
2,Mir,magpie,notNaive,notEnglish
3,Mir,radish,notNaive,notEnglish
6,Mir,crocodile,notNaive,notEnglish
2,Mir,potato,notNaive,notEnglish
1,Mir,wasp,notNaive,notEnglish
5,Mir,swan,notNaive,notEnglish
3,Mir,gherkin,notNaive,notEnglish
6,Mir,dolphin,notNaive,notEnglish
7,Mir,whale,notNaive,notEnglish
3,Mir,chicken,notNaive,notEnglish
3,Mir,cat,notNaive,notEnglish
1,Mir,mole,notNaive,notEnglish
3,Mir,dog,notNaive,notEnglish
2,Mir,mouse,notNaive,notEnglish
2,Mir,kiwi,notNaive,notEnglish
7,Mir,elephant,notNaive,notEnglish
5,Mir,badger,notNaive,notEnglish
2,Mir,woodpecker,notNaive,notEnglish
1,Mir,blueberry,notNaive,notEnglish
6,Mir,donkey,notNaive,notEnglish
6,Mir,reindeer,notNaive,notEnglish
2,Mir,pigeon,notNaive,notEnglish
2,Mir,squid,notNaive,notEnglish
5,Mir,lion,notNaive,notEnglish
7,Mir,shark,notNaive,notEnglish
6,Mir,camel,notNaive,notEnglish
2,Mir,asparagus,notNaive,notEnglish
2,Mir,banana,notNaive,notEnglish
2,Mir,lemon,notNaive,notEnglish
2,Mir,cucumber,notNaive,notEnglish
5,Mir,goose,notNaive,notEnglish
1,Mir,frog,notNaive,notEnglish
1,Mir,mushroom,notNaive,notEnglish
2,Mir,carrot,notNaive,notEnglish
2,Mir,lettuce,notNaive,notEnglish
1,Mir,butterfly,notNaive,notEnglish
2,Mir,grape,notNaive,notEnglish
2,Mir,eggplant,notNaive,notEnglish
2,Mir,beetroot,notNaive,notEnglish
3,Mir,gull,notNaive,notEnglish
1,Mir,apricot,notNaive,notEnglish
3,Mir,broccoli,notNaive,notEnglish
1,Mir,strawberry,notNaive,notEnglish
1,Mir,squirrel,notNaive,notEnglish
4,Mir,fox,notNaive,notEnglish
3,Mir,owl,notNaive,notEnglish
6,Mir,moose,notNaive,notEnglish
1,Mir,walnut,notNaive,notEnglish
2,Mir,beaver,notNaive,notEnglish
1,Mir,almond,notNaive,notEnglish
1,Mir,ant,notNaive,notEnglish
5,Mir,snake,notNaive,notEnglish
1,Mir,paprika,notNaive,notEnglish
5,Mir,goat,notNaive,notEnglish
5,Mir,hedgehog,notNaive,notEnglish
5,Mir,tortoise,notNaive,notEnglish
4,Mir,monkey,notNaive,notEnglish
1,Mir,peanut,notNaive,notEnglish
1,Mir,blackberry,notNaive,notEnglish
3,Mir,melon,notNaive,notEnglish
1,Mir,stork,notNaive,notEnglish
5,Mir,eagle,notNaive,notEnglish
3,Mir,vulture,notNaive,notEnglish
2,Mir,orange,notNaive,notEnglish
5,Mir,sheep,notNaive,notEnglish
1,Mir,clove,notNaive,notEnglish
1,Mir,cherry,notNaive,notEnglish
6,Mir,horse,notNaive,notEnglish
2,Mir,apple,notNaive,notEnglish
1,Mir,mustard,notNaive,notEnglish
3,Mir,bat,notNaive,notEnglish
1,Mir,olive,notNaive,notEnglish
2,Mir,bunny,notNaive,notEnglish
2,Mir,leek,notNaive,notEnglish
2,Mir,pear,notNaive,notEnglish
5,Mir,pig,notNaive,notEnglish
2,Mir,avocado,notNaive,notEnglish
1,Mir,spider,notNaive,notEnglish
2,Mir,pineapple,notNaive,notEnglish
2,Mir,tomato,notNaive,notEnglish
4,Wi,donkey,notNaive,English
3,Wi,goose,notNaive,English
2,Wi,owl,notNaive,English
2,Wi,hedgehog,notNaive,English
4,Wi,vulture,notNaive,English
2,Wi,olive,notNaive,English
3,Wi,carrot,notNaive,English
3,Wi,kiwi,notNaive,English
1,Wi,blackberry,notNaive,English
1,Wi,blueberry,notNaive,English
4,Wi,dolphin,notNaive,English
3,Wi,melon,notNaive,English
3,Wi,gull,notNaive,English
6,Wi,squid,notNaive,English
3,Wi,tomato,notNaive,English
4,Wi,mushroom,notNaive,English
3,Wi,dog,notNaive,English
5,Wi,shark,notNaive,English
7,Wi,elephant,notNaive,English
2,Wi,orange,notNaive,English
2,Wi,leek,notNaive,English
5,Wi,lion,notNaive,English
4,Wi,crocodile,notNaive,English
3,Wi,pig,notNaive,English
3,Wi,pineapple,notNaive,English
3,Wi,swan,notNaive,English
2,Wi,apricot,notNaive,English
2,Wi,frog,notNaive,English
2,Wi,lettuce,notNaive,English
1,Wi,ant,notNaive,English
1,Wi,cherry,notNaive,English
1,Wi,clove,notNaive,English
1,Wi,wasp,notNaive,English
2,Wi,avocado,notNaive,English
3,Wi,squirrel,notNaive,English
2,Wi,bat,notNaive,English
2,Wi,radish,notNaive,English
1,Wi,butterfly,notNaive,English
2,Wi,paprika,notNaive,English
4,Wi,sheep,notNaive,English
3,Wi,cat,notNaive,English
5,Wi,reindeer,notNaive,English
2,Wi,cucumber,notNaive,English
3,Wi,bunny,notNaive,English
3,Wi,snake,notNaive,English
2,Wi,beetroot,notNaive,English
5,Wi,moose,notNaive,English
7,Wi,whale,notNaive,English
2,Wi,pear,notNaive,English
3,Wi,mole,notNaive,English
4,Wi,monkey,notNaive,English
2,Wi,gherkin,notNaive,English
1,Wi,peanut,notNaive,English
3,Wi,badger,notNaive,English
2,Wi,potato,notNaive,English
1,Wi,bee,notNaive,English
5,Wi,camel,notNaive,English
2,Wi,walnut,notNaive,English
2,Wi,mouse,notNaive,English
2,Wi,eggplant,notNaive,English
3,Wi,tortoise,notNaive,English
2,Wi,woodpecker,notNaive,English
4,Wi,fox,notNaive,English
4,Wi,magpie,notNaive,English
3,Wi,banana,notNaive,English
1,Wi,grape,notNaive,English
1,Wi,almond,notNaive,English
2,Wi,lemon,notNaive,English
1,Wi,strawberry,notNaive,English
4,Wi,goat,notNaive,English
5,Wi,horse,notNaive,English
3,Wi,broccoli,notNaive,English
3,Wi,asparagus,notNaive,English
3,Wi,apple,notNaive,English
4,Wi,eagle,notNaive,English
4,Wi,pigeon,notNaive,English
2,Wi,chicken,notNaive,English
1,Wi,spider,notNaive,English
1,Wi,mustard,notNaive,English
4,Wi,stork,notNaive,English
4,Wi,beaver,notNaive,English
6,Vi,donkey,notNaive,notEnglish
4,Vi,goose,notNaive,notEnglish
3,Vi,owl,notNaive,notEnglish
2,Vi,hedgehog,notNaive,notEnglish
3,Vi,vulture,notNaive,notEnglish
1,Vi,olive,notNaive,notEnglish
1,Vi,carrot,notNaive,notEnglish
1,Vi,kiwi,notNaive,notEnglish
1,Vi,blackberry,notNaive,notEnglish
1,Vi,blueberry,notNaive,notEnglish
5,Vi,dolphin,notNaive,notEnglish
3,Vi,melon,notNaive,notEnglish
3,Vi,gull,notNaive,notEnglish
3,Vi,squid,notNaive,notEnglish
2,Vi,tomato,notNaive,notEnglish
1,Vi,mushroom,notNaive,notEnglish
4,Vi,dog,notNaive,notEnglish
5,Vi,shark,notNaive,notEnglish
7,Vi,elephant,notNaive,notEnglish
2,Vi,orange,notNaive,notEnglish
2,Vi,leek,notNaive,notEnglish
6,Vi,lion,notNaive,notEnglish
6,Vi,crocodile,notNaive,notEnglish
5,Vi,pig,notNaive,notEnglish
2,Vi,pineapple,notNaive,notEnglish
3,Vi,swan,notNaive,notEnglish
1,Vi,apricot,notNaive,notEnglish
1,Vi,frog,notNaive,notEnglish
1,Vi,lettuce,notNaive,notEnglish
1,Vi,ant,notNaive,notEnglish
1,Vi,cherry,notNaive,notEnglish
1,Vi,clove,notNaive,notEnglish
1,Vi,wasp,notNaive,notEnglish
1,Vi,avocado,notNaive,notEnglish
2,Vi,squirrel,notNaive,notEnglish
2,Vi,bat,notNaive,notEnglish
1,Vi,radish,notNaive,notEnglish
1,Vi,butterfly,notNaive,notEnglish
1,Vi,paprika,notNaive,notEnglish
4,Vi,sheep,notNaive,notEnglish
3,Vi,cat,notNaive,notEnglish
6,Vi,reindeer,notNaive,notEnglish
2,Vi,cucumber,notNaive,notEnglish
2,Vi,bunny,notNaive,notEnglish
2,Vi,snake,notNaive,notEnglish
2,Vi,beetroot,notNaive,notEnglish
6,Vi,moose,notNaive,notEnglish
7,Vi,whale,notNaive,notEnglish
2,Vi,pear,notNaive,notEnglish
1,Vi,mole,notNaive,notEnglish
2,Vi,monkey,notNaive,notEnglish
1,Vi,gherkin,notNaive,notEnglish
1,Vi,peanut,notNaive,notEnglish
1,Vi,badger,notNaive,notEnglish
1,Vi,potato,notNaive,notEnglish
1,Vi,bee,notNaive,notEnglish
6,Vi,camel,notNaive,notEnglish
1,Vi,walnut,notNaive,notEnglish
1,Vi,mouse,notNaive,notEnglish
2,Vi,eggplant,notNaive,notEnglish
3,Vi,tortoise,notNaive,notEnglish
2,Vi,woodpecker,notNaive,notEnglish
3,Vi,fox,notNaive,notEnglish
2,Vi,magpie,notNaive,notEnglish
1,Vi,banana,notNaive,notEnglish
1,Vi,grape,notNaive,notEnglish
1,Vi,almond,notNaive,notEnglish
1,Vi,lemon,notNaive,notEnglish
1,Vi,strawberry,notNaive,notEnglish
6,Vi,goat,notNaive,notEnglish
6,Vi,horse,notNaive,notEnglish
1,Vi,broccoli,notNaive,notEnglish
1,Vi,asparagus,notNaive,notEnglish
1,Vi,apple,notNaive,notEnglish
3,Vi,eagle,notNaive,notEnglish
2,Vi,pigeon,notNaive,notEnglish
2,Vi,chicken,notNaive,notEnglish
1,Vi,spider,notNaive,notEnglish
1,Vi,mustard,notNaive,notEnglish
3,Vi,stork,notNaive,notEnglish
2,Vi,beaver,notNaive,notEnglish
1,Ji,frog,notNaive,notEnglish
1,Ji,beetroot,notNaive,notEnglish
1,Ji,leek,notNaive,notEnglish
3,Ji,owl,notNaive,notEnglish
1,Ji,peanut,notNaive,notEnglish
1,Ji,walnut,notNaive,notEnglish
2,Ji,apple,notNaive,notEnglish
1,Ji,spider,notNaive,notEnglish
4,Ji,swan,notNaive,notEnglish
1,Ji,butterfly,notNaive,notEnglish
5,Ji,goat,notNaive,notEnglish
5,Ji,fox,notNaive,notEnglish
2,Ji,melon,notNaive,notEnglish
5,Ji,donkey,notNaive,notEnglish
1,Ji,asparagus,notNaive,notEnglish
2,Ji,pigeon,notNaive,notEnglish
3,Ji,bunny,notNaive,notEnglish
1,Ji,clove,notNaive,notEnglish
1,Ji,paprika,notNaive,notEnglish
1,Ji,olive,notNaive,notEnglish
6,Ji,horse,notNaive,notEnglish
2,Ji,pineapple,notNaive,notEnglish
7,Ji,moose,notNaive,notEnglish
1,Ji,banana,notNaive,notEnglish
1,Ji,lemon,notNaive,notEnglish
7,Ji,lion,notNaive,notEnglish
4,Ji,pig,notNaive,notEnglish
1,Ji,grape,notNaive,notEnglish
1,Ji,pear,notNaive,notEnglish
1,Ji,mustard,notNaive,notEnglish
1,Ji,ant,notNaive,notEnglish
1,Ji,wasp,notNaive,notEnglish
4,Ji,sheep,notNaive,notEnglish
3,Ji,woodpecker,notNaive,notEnglish
1,Ji,orange,notNaive,notEnglish
6,Ji,vulture,notNaive,notEnglish
1,Ji,strawberry,notNaive,notEnglish
3,Ji,dog,notNaive,notEnglish
2,Ji,chicken,notNaive,notEnglish
1,Ji,mushroom,notNaive,notEnglish
3,Ji,monkey,notNaive,notEnglish
1,Ji,tomato,notNaive,notEnglish
1,Ji,mole,notNaive,notEnglish
4,Ji,badger,notNaive,notEnglish
1,Ji,potato,notNaive,notEnglish
2,Ji,snake,notNaive,notEnglish
7,Ji,camel,notNaive,notEnglish
2,Ji,radish,notNaive,notEnglish
3,Ji,magpie,notNaive,notEnglish
1,Ji,mouse,notNaive,notEnglish
4,Ji,gull,notNaive,notEnglish
7,Ji,crocodile,notNaive,notEnglish
1,Ji,bee,notNaive,notEnglish
1,Ji,almond,notNaive,notEnglish
2,Ji,broccoli,notNaive,notEnglish
2,Ji,carrot,notNaive,notEnglish
1,Ji,gherkin,notNaive,notEnglish
7,Ji,shark,notNaive,notEnglish
2,Ji,avocado,notNaive,notEnglish
1,Ji,blueberry,notNaive,notEnglish
6,Ji,dolphin,notNaive,notEnglish
2,Ji,cat,notNaive,notEnglish
3,Ji,beaver,notNaive,notEnglish
7,Ji,elephant,notNaive,notEnglish
1,Ji,apricot,notNaive,notEnglish
2,Ji,tortoise,notNaive,notEnglish
3,Ji,goose,notNaive,notEnglish
2,Ji,squid,notNaive,notEnglish
2,Ji,lettuce,notNaive,notEnglish
1,Ji,squirrel,notNaive,notEnglish
1,Ji,cherry,notNaive,notEnglish
7,Ji,whale,notNaive,notEnglish
5,Ji,eagle,notNaive,notEnglish
2,Ji,eggplant,notNaive,notEnglish
1,Ji,hedgehog,notNaive,notEnglish
3,Ji,kiwi,notNaive,notEnglish
2,Ji,bat,notNaive,notEnglish
1,Ji,blackberry,notNaive,notEnglish
2,Ji,stork,notNaive,notEnglish
6,Ji,reindeer,notNaive,notEnglish
2,Ji,cucumber,notNaive,notEnglish
4,An,pig,notNaive,English
5,An,melon,notNaive,English
5,An,lion,notNaive,English
1,An,peanut,notNaive,English
2,An,avocado,notNaive,English
2,An,hedgehog,notNaive,English
3,An,swan,notNaive,English
2,An,mole,notNaive,English
4,An,vulture,notNaive,English
3,An,pineapple,notNaive,English
1,An,broccoli,notNaive,English
2,An,kiwi,notNaive,English
1,An,mushroom,notNaive,English
1,An,apricot,notNaive,English
2,An,bunny,notNaive,English
1,An,blackberry,notNaive,English
3,An,snake,notNaive,English
5,An,moose,notNaive,English
4,An,fox,notNaive,English
1,An,wasp,notNaive,English
2,An,pigeon,notNaive,English
3,An,goat,notNaive,English
1,An,lemon,notNaive,English
4,An,stork,notNaive,English
1,An,grape,notNaive,English
1,An,blueberry,notNaive,English
2,An,leek,notNaive,English
1,An,clove,notNaive,English
3,An,eagle,notNaive,English
1,An,tomato,notNaive,English
2,An,squirrel,notNaive,English
1,An,paprika,notNaive,English
3,An,gull,notNaive,English
7,An,elephant,notNaive,English
2,An,bat,notNaive,English
4,An,dog,notNaive,English
1,An,cherry,notNaive,English
6,An,horse,notNaive,English
3,An,cat,notNaive,English
1,An,lettuce,notNaive,English
1,An,banana,notNaive,English
7,An,whale,notNaive,English
1,An,potato,notNaive,English
3,An,woodpecker,notNaive,English
4,An,dolphin,notNaive,English
1,An,carrot,notNaive,English
4,An,sheep,notNaive,English
1,An,bee,notNaive,English
3,An,goose,notNaive,English
1,An,apple,notNaive,English
1,An,ant,notNaive,English
1,An,olive,notNaive,English
1,An,mustard,notNaive,English
1,An,almond,notNaive,English
4,An,tortoise,notNaive,English
1,An,mouse,notNaive,English
1,An,spider,notNaive,English
3,An,magpie,notNaive,English
5,An,donkey,notNaive,English
4,An,monkey,notNaive,English
1,An,butterfly,notNaive,English
1,An,strawberry,notNaive,English
1,An,pear,notNaive,English
6,An,camel,notNaive,English
2,An,beaver,notNaive,English
1,An,asparagus,notNaive,English
1,An,frog,notNaive,English
1,An,radish,notNaive,English
1,An,walnut,notNaive,English
6,An,reindeer,notNaive,English
2,An,cucumber,notNaive,English
2,An,badger,notNaive,English
3,An,squid,notNaive,English
2,An,orange,notNaive,English
2,An,eggplant,notNaive,English
2,An,chicken,notNaive,English
5,An,shark,notNaive,English
2,An,owl,notNaive,English
1,An,gherkin,notNaive,English
6,An,crocodile,notNaive,English
1,An,beetroot,notNaive,English
